x1,x2,x3,x4,x5,x6,y
-0.24040222685257923,-0.774494991487959,-0.5430336538899835,-0.23063613277906547,1.0,1.0,3.45164865689355
-0.4180622040377515,-1.0,0.5839473324975428,-0.5744684886586238,-1.0,-1.0,6.661215358814684
0.8223654597766736,0.13071582877891974,-0.21138548312820704,-0.6859370239611556,1.0,-0.25248077093231064,-1.1880165064551174
0.0716542662177424,-0.09242954242946988,1.0,1.0,1.0,0.7950948776368578,-1.503141236807592
0.04582601609486536,-0.5397525749865638,-0.8735707121280343,-0.40719634484768186,0.20964297798298515,-0.2531451693646382,-0.46210500955437767
1.0,0.5854246785746875,0.6692337946534714,1.0,-0.1363394972574224,0.7077379613802195,-0.09666100369747399
0.00755806780717895,0.4518502594317688,-0.11814947787554342,-0.4727533190198931,-1.0,-0.4651484629669389,0.4907417935994214
-1.0,-0.2704117838009301,-0.05463759120176781,-0.688770229819298,-0.9797327229929794,-0.5153975368664447,-0.9008922260026295
-0.07639696202177948,-0.7285529081091753,-1.0,-0.0078005972444472604,-0.8264691365889516,-1.0,1.400877152145628
0.40957505226239754,-0.023331142687729733,0.7844785214098674,0.9333111572439421,0.6132762612497558,-0.27107714845269176,-1.3064564007685746
-1.0,-0.7755248173537229,-1.0,-0.792286032590593,0.2721844143916895,0.8559631580322592,-0.12109582900942692
-1.0,0.6258905530259238,-1.0,-0.855557426271466,1.0,0.14991682494773184,1.8209853349103826
1.0,1.0,-0.0033797152168431044,1.0,-1.0,-1.0,10.779734507913584
-0.7113142297446653,-0.5376105672154539,-1.0,-1.0,-1.0,-0.453388129857595,-0.7594475679377747
0.5686027558676524,-1.0,0.32290623150456693,-1.0,-1.0,0.27693600294881254,8.011704190590477
-0.01673600728400837,-1.0,-0.07681784453988261,-0.014207210668155446,-0.6353093990296191,-1.0,4.343961556222097
-1.0,-0.028233280007485262,1.0,0.05364773347624879,-1.0,0.5102420696141883,-5.861024346705973
-0.12868256957756263,1.0,0.8392243363535632,1.0,1.0,0.8132843494962179,-3.8790868923238877
-0.7893386117686438,-1.0,-0.8314801647601271,0.10787729591400708,0.9901968815864669,1.0,5.510258342893292
0.155368450429879,-0.5241152065561316,0.302856331742795,-1.0,1.0,1.0,0.9607999919266008
0.28125289487785016,-1.0,-0.2159652173624501,-0.5813516857422446,-0.09565356407845646,-0.2804992627433207,0.6640023287248811
-0.9797051759660225,-0.11045387417239316,-1.0,-1.0,-0.8044193837607867,-0.054000158469366344,-1.599490358199855
-0.10857989892267816,-0.39338348353588404,1.0,0.21693702046683783,0.27268047347791846,1.0,-0.6113521476560505
-1.0,-1.0,-0.3631683481891843,-0.6439086094216528,0.023770494552027288,-0.7382474671451547,2.3083120939409647
-0.605277859188232,-1.0,-1.0,1.0,-1.0,1.0,3.352978561526713
-1.0,-0.8898463157764743,-0.13390031740816033,0.7593482983708066,0.011189818660915951,1.0,0.0600059354572553
-0.2307789860826579,1.0,1.0,-0.40712153589410316,0.1494869990710167,-0.5322136811262175,-2.7721995356971183
0.044362483428504434,-0.11973942379935865,-0.3074899257742198,1.0,-0.1768859984676322,-0.6918330871817595,0.1982457333006537
0.4476986918475551,1.0,-0.4685548705773229,0.12863834605403202,0.4282314853207241,-0.46351625252419487,-0.25686277674013847
-0.5063826868170362,-0.7951617609293277,-1.0,-0.01099007037610411,0.5824069261120928,1.0,6.9712628173606594
-0.9540481129944423,0.6247488270323847,0.9765256993359843,1.0,0.18793128259738423,0.38521006987036766,-5.052827298250612
0.9001389577707977,0.1759296020454375,-0.8451388389851615,0.5472660969961805,-1.0,-1.0,5.989382518856295
-0.34794656798470786,-0.2346175447996629,-0.06354507116502162,-1.0,-0.8764991188256388,-0.9118266902466698,2.6545159707937227
-0.24277757282005807,0.3963305663498309,0.18124049819627897,0.8966588329992797,1.0,-0.34873618043738364,2.2756994303186833
0.14814473566272424,1.0,0.5821438610975649,1.0,-0.18804458928763657,-0.5469396542730691,0.7757095790301645
0.21231038727168716,0.21094350067056156,0.5371811599148779,0.642000432157833,0.030560536535583688,-1.0,3.2380510539132623
0.2857851572833164,1.0,0.7951654468074889,0.9616729560245112,0.4463907453627565,-0.5135336228172208,-2.9520440220986357
-0.1497402741984324,0.0005833656155666278,-1.0,-1.0,-0.22159020067566781,-0.7937559036250286,0.5851391371046648
-0.15047070940993193,0.32776503099452686,-0.8164213370980371,-1.0,-0.3732568539458228,0.6558567633244025,2.010408290561161
-0.37120913514956283,0.2943232538040583,-0.014408926187672533,-1.0,-0.9394714790431806,-0.001915319814097094,0.9371069437267705
-0.3086595465099382,0.15749343606157679,0.7350019012401292,-0.1296862892923245,-0.34759274124303263,-0.7688428613338016,1.7878494945882173
0.4313518591622094,0.5370096835141236,0.06115387522595861,0.3349769036393171,0.11592434392905127,1.0,2.303627524477584
1.0,0.2913245798962829,0.8416779087414503,0.13198706745381616,-0.25664560798840486,-1.0,4.9766924102031584
-1.0,-1.0,0.32723886302430394,-1.0,-0.4155276180638596,-1.0,4.795222411343396
0.8007123604723405,1.0,1.0,0.7712541247975724,0.18740714982757276,0.14182096442746062,-2.9338691702006003
-1.0,0.8699046246198731,1.0,-1.0,-0.09925453750032931,-1.0,-4.103336231232303
-0.8564552334196398,-0.42992085096631905,-1.0,-1.0,0.7422052991257955,0.07363795328158806,-2.2951903141938597
-1.0,-1.0,-1.0,-1.0,0.7786945449995821,-0.2751510787475947,-6.530264604731053
1.0,1.0,1.0,0.8802639770945464,-1.0,-0.7105873747216271,6.967586010813386
-0.014720358742425166,-2.464312576333505e-05,-0.47329451159759084,-0.18437475226962752,-0.7398698297867682,0.2644093318234777,0.5933398269562733
0.14146260279910672,-1.0,-0.4053291246590175,-1.0,-1.0,0.02509457586108188,5.15096800926512
0.761750760202205,-0.33851563600938506,-0.4914112619677635,-0.8560507579538725,-0.044608968904612745,-0.7605871082199773,1.848405398871086
-1.0,-0.9797972759930131,0.35580509354338424,0.29907313362997345,1.0,1.0,4.325998063809745
-0.07263768891274736,0.7999593218756295,0.7656237182141374,-1.0,0.30741621523759055,0.13184138472821327,-1.0136212537908684
0.3264167454077398,1.0,1.0,0.9699368605062137,0.6986630944381267,1.0,-6.7776007665317035
-0.5382963335183543,-0.09557581539104443,-1.0,-0.8269320833544611,1.0,-0.9030595126814281,3.4691730895596153
0.7374100759145433,0.31723338862185546,1.0,0.09421034950471874,0.22876773706367748,0.3136925631582477,-1.9280647086695044
-0.6058374736476769,0.38254622923217607,-0.29027895907619117,-0.6946937375604845,-0.5926352126025607,0.24355089486589293,-0.08914013398486581
-0.4412124272141368,0.07136400678794383,-0.06256747163886575,0.5930495202832713,1.0,1.0,6.541087006201761
0.932122220944891,-0.6326491422795701,-1.0,0.3460403974207008,1.0,0.2708846544144494,-3.6304218626214855
-1.0,-0.27461426439602593,0.7196705180764531,-0.9649499913715416,0.593942879882501,1.0,-1.8112409086204888
0.15489692552604084,0.38319871370852887,0.6563595806936164,0.22129170171855495,0.5971245645452135,-1.0,1.3555657272479118
0.28242369603258854,0.7286704528579282,0.41631269827394435,0.2575103665205516,-0.1486264646419002,-0.8818773181403752,1.749021070885464
0.19448455903096934,-0.10453704253485491,-0.06741567846001692,0.24565545592063298,-0.06987540704400774,-0.8517343223868905,1.8306726231261023
-1.0,-0.8490287382797534,-0.8672814090276164,-0.8096629397370034,0.15430819969816922,0.7501115492062868,-1.7849300210438468
0.2425337426750796,0.08634563912653712,0.233745864633701,-0.5869545797581258,-0.28549692201712373,-0.43729977963050315,0.5764292478977278
0.8523299781365816,0.017724136033257842,0.4159845065824388,-0.43355380295811946,-0.5633324334015686,-0.04095638905098864,1.6059288333324693
1.0,1.0,1.0,0.9348091302527566,-1.0,0.64874767810404,2.04211928627524
0.6526358016993485,0.8006036363148269,-1.0,-0.6068408951473361,0.2723080706875771,-0.21201304475894373,-0.7875665095519542
-0.3371526722320713,0.171775351735604,-1.0,-0.9809324772308623,-0.9604764473783093,-0.9503944078304153,-0.7844307793426772
0.691078101348938,-0.9922755641045858,0.9484040085932679,0.2939347904687327,1.0,0.5082998203759704,-2.795752344450976
-0.7259187695579749,-0.43395115597671596,0.13550090136367499,-0.9055840944598122,-0.31523971826815994,1.0,-0.9748150743554249
-1.0,-1.0,-0.31534941255200655,-0.6896940371334264,0.854566656249746,0.523431245799068,-0.2524362555382166
0.6867222900172598,1.0,0.4554899681980642,-0.15149200276471586,-0.3094095008364002,0.46999021565651156,0.16797526765684817
-0.6531599555682799,-0.7240933339969171,0.2871756580956055,1.0,0.6049843568923639,1.0,3.939632296840294
0.6431382047768722,-0.11000710968086813,-1.0,-1.0,1.0,-0.05421947865669159,-1.9314610227648332
-0.029783723497581405,-0.3309346355373135,1.0,-0.405471002901866,0.1286538016368529,0.5481119967367704,-1.56561599596247
1.0,-0.6571710707653398,-0.18913478801992467,0.7312512752844995,0.08314597730109946,-0.10887986230224213,-0.5239032657693389
0.9759110131191637,-1.0,0.08782799704757321,0.5821241480735967,1.0,1.0,1.1842424449988393
-1.0,-1.0,-0.30007070145420967,-1.0,-0.2645991243726542,1.0,-3.5430408390640262
0.7964519838818935,0.32598532792758533,-0.053569370371749206,-0.6873338524219412,-0.3780599563328124,-0.6784737076899758,2.725882863716986
-0.213955587695414,-1.0,-0.7823378614422007,-1.0,0.36881561911496097,1.0,-0.3518327976576513
0.23109849664415338,0.7293899112985254,-0.4811923681222669,1.0,1.0,-0.037027814783488155,-0.053866447057702604
0.3827201358102048,1.0,1.0,0.10486448131717419,-0.8698832876777214,-0.44795659125151865,-1.3555018712404132
-0.31516838254757407,-1.0,0.03734948894882317,-0.1963377447853982,1.0,1.0,3.108146069000095
-0.282848095070395,0.21003530548385463,-0.3543469886860273,-1.0,-0.2468230459658185,0.20501061686552635,0.4222702451834971
0.23495879349392523,1.0,0.5538054989530943,0.9833491361678275,1.0,0.8711285521626349,-2.031113886271699
-1.0,-1.0,-1.0,-1.0,-0.637871844368309,1.0,-0.7786973050296119
-1.0,-1.0,-1.0,0.01795116565348076,-1.0,-1.0,-0.8185948179925756
1.0,1.0,1.0,0.09523999539657191,1.0,1.0,-5.821522222465326
-1.0,-1.0,-1.0,0.44772776013220855,0.29224798076897396,0.1694371242724514,-5.393014537775245
-0.9651188234816559,-0.6069425955080796,-0.708751695310859,-1.0,0.8606168737157531,1.0,3.097087380397321
-0.9243325768881467,-0.11887293499453386,-1.0,-0.1766860814921598,-0.729238792227435,-0.9767289955550527,2.529498082639273
-0.2478645350512323,-1.0,-1.0,-0.39367784090492636,1.0,1.0,2.159310756192053
0.5761781268134972,-0.857154855251479,0.15303891997657668,-0.8859932500379106,1.0,0.521254271784239,-0.9764422321858168
-0.18979620144289866,-1.0,-0.155038120522346,-0.06117659781297302,-1.0,-0.24361880493381327,0.36710396102602366
-0.580067205256452,0.13355818214048,-0.29222182520956763,-0.07698738090179824,-1.0,-0.9938777527818985,-1.082632490556696
-0.6031120407380057,0.02537178092917408,1.0,-0.02970290910074333,0.5247953362876903,0.6034765768907897,-0.6530980272325899
-0.8695147835738124,-0.28103836858570297,-1.0,-0.21342614074284683,-0.05912197860333002,0.730908956958846,3.064176542542948
-0.2895729428182605,1.0,0.32213342982899107,0.6755960074539269,0.733422542211823,0.8485570315862161,1.764238584194097
-1.0,-0.862913580546729,-1.0,0.07137542090835797,-0.4948055600946677,-0.3354488113134075,-3.464191372809743
-0.2742836610191941,-0.41745680632050597,-1.0,-1.0,-1.0,-0.6910029122154835,1.3708583017282576
-0.523469147159374,-1.0,-0.23775974835800484,-1.0,0.36559716689414956,0.3809574690430196,-2.324521103565562
0.5594926420806573,1.0,-0.13616796401960435,0.3811447024322761,1.0,1.0,3.439596891240492
0.18368591985123683,0.5917670062467012,-0.20410872751230447,0.07613303346425843,0.22880658324241443,-1.0,2.5037497384246876
1.0,1.0,1.0,-0.36667341257026886,0.9704882672541899,1.0,-4.918052636343997
0.2907701719740281,-0.895878962159014,-0.45551317848719686,-0.33204637709474477,-1.0,-0.3144673640987311,1.8380833017911775
0.08315965683831195,0.41976495518001844,-0.6780286626007375,-0.4059867135632156,0.0567431875417511,1.0,5.992921960193635
1.0,0.8359509561591763,0.6111775165661701,-0.4706735656028361,-1.0,-0.6070479106289117,3.2936325132388777
1.0,1.0,-0.023108575891346628,0.8185870901333169,0.9740313466421077,-0.48388932220141734,-0.7888289969282847
0.20042507814596497,1.0,0.32257517060522123,0.4863493173924295,0.36886048690745976,-0.09501038698641096,-1.1853805380287452
1.0,1.0,0.4356247068189635,1.0,0.5443056863942487,0.2599465203193937,-1.9425038389455205
0.21001254070810937,-0.9222390351395282,-0.6685914833598889,0.16353870003535514,-0.8829271607770903,-1.0,1.9440669015579806
-0.32688339263088706,0.15776302814482207,-0.6977303952866624,-0.7323871004367613,-0.13645811406592046,0.8160839981393041,3.579486146391047
-0.2657611197505164,-1.0,-0.4032983848500733,-0.3350681431455544,-1.0,-0.8503491322179924,1.9432413779157063
1.0,0.744343215646933,-0.3151835854469535,-1.0,-1.0,-0.8266089348206067,7.898920657387903
1.0,-0.09550959193245478,1.0,1.0,0.4877660997587516,-0.47991641022946063,-1.6467375297337468
0.6481577907895033,0.6409851707100584,1.0,-1.0,-1.0,0.06664402248408785,2.546789137784618
0.2313728272466093,1.0,-1.0,0.1643802146814311,-0.4191998152124655,-1.0,5.246341837921606
1.0,0.2750340515254932,0.12029469363514966,1.0,-0.5888145469781292,-0.24520308384356881,2.331662746471315
0.8722935594965554,0.5982484050750019,0.36792002581836825,0.15717436933124018,-0.47384544490915764,-0.2605640141564419,2.002288854206475
-1.0,1.0,-0.5238826460218888,-0.10890844819177214,-1.0,0.98968176292584,4.154175904114937
-1.0,-1.0,-1.0,-1.0,-0.5003947543650362,1.0,-1.5318792199220428
0.6173641366517009,0.007887854233172287,-0.8541747873339233,-1.0,-1.0,-1.0,4.606798106388864
-0.8200211147883194,-0.9705443295040715,0.002913150203256887,1.0,-0.5831436818385699,-0.16039379232828382,-1.382784424072239
0.432816266600429,-0.3167363957650181,-0.9904155534390675,0.15319391141387678,-0.7606277421775098,0.4726771443795863,2.1437346304659135
-1.0,-1.0,-0.770434992992111,-1.0,1.0,1.0,-0.15546031004650926
-1.0,-0.639830518930913,-0.4609851571931023,-1.0,1.0,1.0,4.404707052529579
0.8522863178594435,1.0,-1.0,1.0,-0.8158607050462892,0.31444811143092527,7.626011735021022
1.0,1.0,0.3617054455412567,1.0,0.060010430285828115,0.29001766066964063,-0.9371238143940378
0.45883514250668267,0.9030918533121679,0.02284086699272514,0.17047398055995666,-0.7712463228915224,-0.42366182591844687,2.4010839881794612
-0.5200872025376593,-0.6963623406264047,1.0,-0.05649631814242184,0.0819836909089593,-1.0,5.037710032277936
-1.0,-0.7227483841702118,-0.4403335366890041,-0.3960535417392022,-1.0,-0.058653267927981756,-1.7356266789242
-0.9754775080391286,0.2666750418502601,1.0,0.012039333357910242,-0.41761130057373363,-0.4716817040490229,-0.21251075704030947
0.010647050396304203,1.0,-0.98852054111034,-0.6935934040627945,-0.5449353390141544,-1.0,2.039531260485166
0.29607017297138516,0.6708920058444596,0.07340918968890736,-0.1255041166180178,-1.0,-1.0,0.822512205089619
-1.0,-1.0,-0.43089454504878677,0.22845842261613197,1.0,1.0,5.512472021024296
-0.701072534643413,-0.6251371217386679,0.07066690166936662,-1.0,-0.08565007634954436,1.0,-0.6736352553157844
1.0,0.5868648744885638,-0.0738316308887699,1.0,0.8836078762038213,-1.0,1.1200258751377152
1.0,0.8652322927058598,1.0,0.24597964304589465,-0.8149795167902865,-0.9434146620460028,4.528993284359971
-1.0,0.10861258112201233,0.6010141447153869,0.18952320401713146,0.6893435666980439,0.5925087887143785,0.29807923552970833
-0.612359086924619,0.4846516542213064,1.0,1.0,-1.0,-1.0,0.44686489454314127
0.17106150402361642,0.7921198709283517,0.8291600542820865,1.0,-0.9141310998914501,0.4446567060108775,0.22818350467021264
-1.0,-0.8358881726802354,-0.05471532725725492,-1.0,0.20140067165274744,-0.6296461860608233,2.8011723877630956
1.0,0.3275869793702433,0.5354914050624175,0.42915562571640314,0.23426188682736593,-0.019998691376502842,0.11726376573693753
-1.0,-0.10642769522825524,-1.0,-1.0,-0.10871539590512236,0.7031891575160237,1.724545009204362
0.7435740567457854,0.5912022920995137,1.0,1.0,-0.8040077975405746,0.5863117807067735,-0.5780699711133322
0.39790041731031167,-1.0,-1.0,0.08219910668184499,0.007285213495478504,-0.1620401673791186,-1.2426462593893062
0.4769894566850094,-0.5081260173946898,-0.6528402304608214,1.0,1.0,1.0,3.695673196230868
-0.07321254273495836,-0.7391592231157278,-1.0,0.4325498272589111,-1.0,-0.4588504491324743,-1.5220190767352828
0.4119334100462708,0.6233643219240304,0.9073542734508266,0.7048487025716899,0.8588654559138865,0.8637313772100284,-2.47945232202125
1.0,1.0,1.0,0.9809759839505988,-0.32090190145135217,0.47985733858087803,-2.6063362583183363
0.40964663788322586,1.0,-0.5313129311120768,1.0,-1.0,-0.7325198971806492,5.801082223694189
-0.6682867500279936,-1.0,0.28202906077549095,-1.0,-0.9515875997610941,-1.0,7.50140751636747
-1.0,0.049316246620835114,0.028683071296433216,0.2666985475360718,0.9012467394235979,1.0,5.330939316280554
0.23274466860108134,-1.0,-1.0,0.21566031208882366,-1.0,-1.0,1.1656505565392903
-0.7461753782668057,-0.5291970368160328,-1.0,-0.5576151664413733,0.3893726547161701,0.0972400498179335,-0.5109495934151801
1.0,0.032413028360248175,1.0,0.12903652871758742,-0.36397146086460475,-0.37186307051729794,3.5445331172276062
0.19073083208702843,-0.17869146276189707,-0.08812115349877758,0.4770743790564099,-0.021481519405269822,-1.0,3.4395839991768824
1.0,0.8432716442667179,0.27703334574324856,1.0,0.040557036974934735,0.13778392795424088,0.06731851198441732
-1.0,-0.058623820515396274,-0.008149009928866913,0.28425432764447345,0.7518921380352483,0.1242050388439262,1.183586039810879
0.3226370492625037,0.13380440508842173,1.0,0.11854279623367003,-0.3232584942146334,-0.2418982667373083,0.34460115368086447
-0.7294473982099868,-0.16843403740801388,-0.48285697816598083,-0.9108771934241525,-1.0,-0.6647716738622509,-0.5852608913765507
-0.20021796734962566,-1.0,-0.39112518679742037,-0.7121183777801916,1.0,-0.9401672264299217,4.285512327459801
-1.0,0.5554472567585179,1.0,0.11652856626563868,0.43417412980717324,0.1610027422849587,-1.9008075051377709
-0.8762011774078139,-1.0,-1.0,-1.0,-0.311463400308992,-0.08696651665893812,-5.370405422670775
0.2738481571243738,-0.41588540901111615,-1.0,-1.0,0.06972163940011944,0.055517167522681654,-1.6503536682258222
1.0,0.20685839086721258,1.0,0.541578365036558,-0.15521652166348154,-0.24560510397599522,1.9220980480191607
-0.809483771239313,-1.0,-0.3368726215043383,-0.6729904367022099,0.2638934418570496,0.13519741479154113,-2.4166673860798533
-0.9950940556904401,0.029060494538723003,1.0,0.0768751373964332,1.0,0.06442099773768839,-2.2049088884711177
-0.6804611964466614,-1.0,-1.0,-0.3389852906915385,0.40936058711371054,1.0,1.7477670496512916
-0.8706727684919903,-1.0,-1.0,-1.0,0.5344401726686003,0.831354290945051,-3.209558958891035
-0.5661882969778268,-0.1615742501139325,-0.41031031038207844,-0.5958854631624113,0.23910365119792631,0.07658960845287532,0.3094446209833611
-0.22725333421288263,-0.2819373399559095,-0.7333325613504396,-1.0,-0.6468099847827209,0.9150199013123588,4.242379226097498
-1.0,-1.0,-0.9214617251704817,-1.0,1.0,0.23527493024721013,-6.34605889114928
0.2293422943131626,-1.0,0.8271264213175276,-0.9721901631508464,-0.01587820903632775,-0.008697324156542674,2.232774802263465
1.0,0.43883529095611795,0.8825370692423065,0.42634089645237094,-1.0,-0.26227548275769497,3.8308050610973017
-0.8447394488500515,0.9665587871660978,0.6068962310645183,0.6793679438040345,0.36775283539121073,-0.7291535722601636,0.858924875377184
-1.0,0.06780069635653163,-1.0,-0.20640329853202144,-0.61800802161171,1.0,5.664603381346632
1.0,1.0,0.38843234210372846,0.24776370067730658,1.0,-0.5004861506398636,-1.7486069032180689
0.23972869220025084,1.0,1.0,1.0,-0.47538382254310385,1.0,-4.053319440188164
-0.34344696430563504,-0.6053376931137536,1.0,0.6784988716372922,0.7702518577293007,1.0,-0.1328434106357867
-0.7237161755234387,-1.0,0.6261493381245589,-0.4670486514709553,-0.9252702316439226,-0.10235455898868667,1.357935765480734
-0.16784946714261487,-0.48041673694063525,-0.13710030095975254,0.4057080893573207,1.0,0.05810305902779908,0.3263731495809194
1.0,1.0,0.2982116910946937,0.523913362947688,0.37323235022488316,-0.5435406701585223,-0.2050067382438257
0.7489415089602343,-0.36840876827690316,1.0,1.0,0.5136863918955302,0.681084155633264,-4.296015566254816
1.0,-0.7648921215648121,-0.7158613125527252,-0.8884305868646498,-1.0,-1.0,9.350963577531642
0.7778565788857721,-1.0,0.31712547927919954,-0.12384427462274089,1.0,0.26824620992949555,-2.5868547762383045
1.0,0.4522595066636521,1.0,0.09100141858969579,0.037606265505110814,0.05609779839657861,0.07454039877143331
1.0,0.3212737655140856,0.4960358396370119,0.7692429652833432,0.8310847317450761,0.9622456956053074,-1.5184496563516992
0.23457953316742675,0.9308431405100522,0.9969566473100147,-0.10922970134431143,-0.4034399932885727,-0.290372940783895,-2.2623583836704615
1.0,1.0,0.08329641450640746,1.0,0.8758929558377764,-0.2185480951075518,-0.9142983278974196
0.15543129132209405,-0.5449886749485189,1.0,0.17727516485501094,0.3035147514187145,-1.0,3.3934953182913974
0.16903901517024167,1.0,0.48964811134365804,0.6770314379279659,-1.0,-0.2675019706472983,0.537922512847784
-0.2910332183443535,1.0,-0.8202883479559564,0.6629045012463963,-0.1607886550123674,0.620229431207284,5.147047805503762
-0.056268810857774854,0.6476930242214449,0.5175464297886903,0.39522265165737913,-0.9284552564688289,0.9528506462337314,2.09407714141886
0.2326617618525979,0.17609996583698284,1.0,0.8493459364289464,-1.0,-1.0,1.8477950943217847
0.1199518507178251,0.3404995426579893,-0.02839769617222465,1.0,-0.6392625210382905,-0.6314799604999863,2.379570423248208
1.0,0.022239901235730608,1.0,1.0,-0.10761016888429797,0.628368658583913,-1.5915285895052178
-0.6145121327207227,-1.0,-0.8525915019612313,-0.10447108980250472,-0.19530713276379286,-1.0,2.6481107128062034
1.0,1.0,0.46770070107029005,0.06366053073156563,-0.5428558327985781,-0.313991138374476,1.2087893555888187
1.0,0.08526659329148278,0.8354342119795096,-0.12075864227459165,-0.7481206477719515,-0.19766419533488172,3.8808349293742235
1.0,1.0,1.0,0.5221625899077587,0.567711195517508,-0.004039189187160064,-4.795641767620339
0.7123212960269051,0.5365664847432164,0.18386936730645692,0.34198772445986353,-1.0,-0.4177602697298948,2.8284248007952493
-1.0,-0.15979176314230803,-1.0,-1.0,-0.17615759065783843,-1.0,3.5517761266571406
-0.9456003880497851,-0.1737154466052064,0.8565802730610246,-0.6905140423435434,-0.03402451442833443,-0.576935012941854,0.6541722854772445
0.19911163131045628,-0.4226980792385919,-0.8523571246683972,-0.6664118169591704,-0.026341302463649074,-1.0,2.4552153731167987
-0.1647955057201096,-1.0,-1.0,-0.5794785826287081,-0.3698384727710903,1.0,2.4581100908063225
0.1572214609559066,0.22889177899660973,0.13014686953557647,-0.35489494198974353,1.0,0.06991446831093118,-0.11480724469305416
1.0,-0.4693074513827907,-1.0,-0.4404009309223561,0.6485680555902651,1.0,-0.46578872495412127
0.7929493997365543,-0.37312665618910956,1.0,0.7645334358727436,-0.13263121030099864,0.8780501798674367,-1.7819253510422235
-1.0,0.3722906911760021,-0.3549712376957095,1.0,0.8992259345895651,-0.5880431722728189,3.5346331123558294
0.7838407911651784,1.0,1.0,0.1642944373437063,-0.084638328680947,0.011353803704964735,-3.063495071973611
0.6981134297995522,0.7418540027474483,0.1293773133900169,1.0,-0.16476384185909965,0.1560044629846351,0.18516825885078014
-1.0,-1.0,0.6539504358633232,-0.6071922060661632,-0.13356053465441287,0.12908693780065172,-0.25715334867790207
0.8962728121502128,0.06141725212576499,-0.21647060098143966,-1.0,-0.17588072529269172,0.5337867510065398,0.7049267307914613
-0.744109191552206,-0.15803469848799545,-0.6131269133287911,-0.3534657679190999,1.0,-0.8742837961570189,2.9260956085535854
0.584766903895395,-0.38699341066009174,-0.21825751660072068,-1.0,-1.0,-1.0,6.859785761308774
0.3379860332520111,0.06765669328400625,0.016186868602401483,0.7949259966779776,-1.0,0.17514041671231276,1.8103153681870066
-0.032721323443199446,-1.0,-0.9982884871386697,-0.498807483908125,0.3816987477195808,0.8666294936779717,0.17393325221951944
0.8318508493747765,1.0,0.5249810367306251,1.0,1.0,0.8256937513680278,-4.244316697333886
1.0,0.04124510981685092,1.0,-0.8211862293260551,-0.21047271911873633,0.03810430766812478,1.3287075073836996
0.016959831960158323,0.1468353044862183,0.665551339739311,-0.2331177316203341,-0.3807457684436282,-1.0,2.669461374142632
-0.25301128797253203,-0.5425821062881968,0.8603068595819129,-0.3042542755520139,-1.0,-1.0,0.8838277659037154
1.0,1.0,0.6271410134503037,0.1302505427967996,-0.9447203482855594,0.8056652139341874,3.318581297664408
1.0,1.0,1.0,0.039637647718214764,-0.2451507084006712,1.0,-1.8396946795205942
0.296740720849362,0.7419732695192165,0.5541593831175621,0.9185641739827085,1.0,0.19490823968008408,-1.526111337258448
-0.4267701802388979,-1.0,-1.0,-0.07187388251625731,1.0,1.0,4.0599483455518826
-0.43295589846007143,-0.5992879113766792,-0.8151315072419079,-0.9750909581758063,0.2760098972221807,0.6855148012446847,-0.3158814416685817
-1.0,-0.06813118606759294,-0.39370575584354206,0.05997498707872151,-0.1837379383581751,-0.6891442717759209,1.3932470826688188
-0.8986840226335275,-0.17367462131045625,1.0,-0.37763726204294545,-0.8471503787722405,-0.18761307711365238,-2.7142786461138475
0.3314835999096367,1.0,-0.2981435653354596,-0.628811157186719,-0.027816509215491614,-0.9968094429343808,0.4845498061803303
-1.0,-1.0,-0.9251289152961802,0.505506211185268,-0.34724071170478354,-1.0,0.3489489465064709
-1.0,-0.677066942543844,-0.6679147878193159,-0.6932855345711993,0.3272858827644397,1.0,0.8740380919576918
-1.0,0.47294095441661843,-1.0,-0.001673801307252143,1.0,0.2107720872640917,0.8058952084100526
-0.04715550363648435,-0.07785427265524514,-0.43118650265555614,0.17078594045438025,0.44894095789845423,0.426495034399457,0.21051523553301865
-0.5947791008819843,-1.0,0.33346544157185193,-1.0,-0.6582810317254276,-0.44268384835360586,3.2399215262441494
-0.5257838046326402,-0.13265147030127195,-0.38668460718546677,-1.0,-1.0,-0.3544548377792074,0.3988044328559027
-0.24902184604266453,0.7302498894095185,0.5365695747400709,0.344076931515131,-0.7867394261035157,-0.5706777501287676,-0.39421663680940056
-0.28305437172596015,-1.0,-0.8141868131665271,-1.0,-0.6824309197724776,-0.04896158471635653,-0.34465821341816777
0.28523867478503084,1.0,1.0,0.5141994588447085,-0.33972550041992267,-1.0,0.30454285961014294
-1.0,-0.47270858488139633,-1.0,-0.6149728298505798,-1.0,-0.6755507304720405,0.3757989924552507
-0.035587821897474725,-0.2773725331820088,-0.21504008297642901,-0.39868188040842156,-1.0,0.3425034807218714,-0.28887246651982
-1.0,-0.5661954939999629,-1.0,-0.8239255451392107,-0.8262717702635843,-1.0,3.31902511463058
0.3627321501208034,-1.0,-0.3746249331433348,-0.5591739009447523,-0.2318947920466446,0.6150000127900167,0.24305647948354858
-0.3765235446185822,0.5322619915837759,1.0,1.0,-0.33184814013989394,1.0,-3.8603589205834745
0.2418012199251376,1.0,0.6867531197326124,1.0,-0.9411218300724594,0.3549881412090359,0.2187435370308116
-0.4447612640637548,-0.3235984979288067,0.9625735046467585,0.3580978169791314,-1.0,-0.29437148276189107,-1.2130039585104988
-1.0,-0.5851427949631336,-0.2776585245027757,0.6326648290596928,0.6743318724179386,1.0,3.991967875163704
-0.08208637524490858,-1.0,-1.0,0.2882253159246826,0.578949556798194,-0.8850609740028361,0.5651094180399061
1.0,1.0,0.6269201876580899,0.06794453868996408,-0.07879518369237204,0.4019461518576629,-1.4526743142376173
-0.6131438760780754,-0.21142894328837147,-0.1904387381815449,-1.0,-1.0,-1.0,1.4070922738517289
1.0,0.3082530726501427,0.9859170895615781,1.0,-1.0,0.08921166739092756,3.614454591555231
1.0,-0.04101416268880986,-0.2059231134680539,0.9558108144263611,0.19729532018944262,-0.23238808532562205,0.10707013624707018
0.5918724025091979,1.0,1.0,0.4329781814673639,-0.34383146975587686,0.8788353371179899,-2.8667975570193063
0.05290618532085489,1.0,-0.9377915839841438,0.23010301658426757,0.08718245763678238,0.2122085904010505,3.3567979454472674
0.539300518840065,-0.7462463925214307,-0.47485344585913464,0.3396751854995627,1.0,0.1978369410259353,-2.045520907613412
-0.24103786656959758,-1.0,-1.0,-1.0,-0.6377579859231931,-0.2138576526412801,-0.7649846938546633
0.21969587321226514,0.7978114708793882,1.0,1.0,0.05266921670170177,1.0,-4.77412497851188
0.9198495869425671,0.3743806247435435,-0.24389427101332195,0.5477087828604355,0.006003371419025849,-0.010698323799780751,-0.7449242106743309
-0.03425886089662793,0.21976933340442784,0.6177250508275569,0.48062585941145664,-0.20155501080247878,0.5089817986684815,-1.152005101956811
-1.0,0.21308025400928915,-0.9371672462607028,-0.6122373521137767,0.7536135312360084,0.7411409035648376,5.013895626864523
0.3485013637902258,1.0,1.0,1.0,-0.0036592778596458153,-0.2533146853436538,-2.2031240233433333
-0.6288415444098976,-0.4008082865807818,-0.05188651880469375,-1.0,-0.18780875094878724,0.8144184733343198,-0.37945993127874883
0.7495939890706595,-0.9961248913136541,-0.5409966765056541,-1.0,0.8109806638951608,0.23044498298022087,-2.7223669899460146
-1.0,-0.6101117598008319,-0.12762390352858832,-0.8302136621147749,1.0,-0.20495372357602037,4.651132266182137
-1.0,-0.7257482467303752,-1.0,-0.7490304404826682,0.8230774555586384,0.5140309716190188,-1.9159341450508212
-1.0,-0.6853019008726201,0.6429914064586771,-1.0,0.3210338970451841,-0.3398548518042722,2.096847512496222
-0.06704588576237402,0.5801821206363416,0.11019458255838721,0.11201528007463582,0.8661002964624003,0.2592538273942616,0.26971616021370226
-0.01986717801267568,-0.5466613920830841,-0.7666964386780234,0.29237336559925314,-0.1759472412936456,-1.0,3.4449819140251106
-0.9046064366150348,-0.8867986074046443,-1.0,-0.00659058567235582,0.10026907246353078,-1.0,5.280382252354284
1.0,0.07862393031527895,-0.06320777322616586,1.0,0.4239385718862423,1.0,2.904823716540641
0.8222118720291128,-0.35771846291734,-0.07460595984058505,-0.5779919281070067,0.43641074787393036,1.0,0.10521462596264752
-0.8370497234771701,0.7704289613081778,-0.06290901746634327,0.10330749312131726,-0.9782671998061259,0.1725035261068853,-2.2319616847297867
0.17370832656286522,0.2564734519928773,-0.07004499248271107,1.0,-0.9566587480045152,-0.9955323402351013,4.122573761016315
-1.0,-0.8131952950746519,0.914475153815865,-1.0,-0.7517614125662614,-1.0,4.24153337772964
-0.8105195119597692,-0.01386122334276052,0.4636918213989642,-1.0,0.6011149297601688,1.0,1.4672486412979788
-1.0,-0.5495586129683376,-0.48732432900239564,-0.04601389678693413,1.0,1.0,6.407169635383149
-0.02774092406464357,0.40768229903237607,-0.028732930243111188,-1.0,0.6852843708845449,1.0,4.588758080516495
-0.5230294277740573,-0.2394431876055655,-0.48495573204114023,-1.0,0.7281235694428188,-0.7381096364414454,3.365065984647774
1.0,0.22577226951004253,0.8007745280598277,0.489722994945594,-1.0,-0.5035567382567119,5.787431883699789
1.0,0.5631805750525605,1.0,0.8988584671871152,-0.4678736474408415,-0.5211662660053428,2.8857970008893647
0.045876072309421145,1.0,0.6817096343964926,0.7172131065050555,-1.0,-0.10434926827307467,-0.11333988575448684
0.4770942850894173,1.0,1.0,0.9576594240381551,-0.3736793704487359,-0.6065739730633464,-0.43697834719118545
-0.2865282572511114,-0.46999518759266196,0.5695397391126009,-0.5072696964155818,1.0,0.012604941639816403,0.10400604414427694
-1.0,-0.3610913003029304,-0.34705555338267213,-1.0,0.9742793504586094,0.40223373106090154,3.492529450190463
1.0,0.28996889161250805,1.0,1.0,-1.0,0.025288441369840098,3.536879357790852
0.4354698067538906,0.8171111368267691,0.052801238648655435,0.007848714554916314,-0.9235823388856897,1.0,6.082439483263173
0.1307765824820124,-0.0680255060727808,-0.002883889891839686,0.30988306762946344,-1.0,-1.0,2.25664114485338
-1.0,-0.43350274055187654,-0.319652921541455,-0.2737473983415951,-0.642602693534003,-0.4096312519919505,-0.6570151131847385
-0.28723962353677185,0.08277621607794305,0.582147630347635,0.6895168699397898,-0.5542113728124983,0.10468032392453896,-0.5002667243426665
-0.4851861461396467,0.1261360336933331,0.44895513698004447,-0.22001867731786096,-1.0,-1.0,-0.5045742865175337
0.5495472268204742,1.0,0.4614010379608572,1.0,-0.17487281934247811,0.2696296907675891,0.2831439301431511
-1.0,0.38314679956680453,0.4585329758047512,-0.387734717645115,1.0,1.0,3.8316639240382124
0.43887669306340776,1.0,0.8960352111111115,1.0,0.1342748011874635,1.0,-3.873872358008156
-0.37329670254042924,-1.0,-1.0,-1.0,-1.0,0.06682383757371935,-0.3255946379698116
1.0,0.0611857947013843,0.29750947038615194,0.46593945516016155,0.506076612246439,-0.7594310335569554,1.115467057666489
-0.6420506738294327,0.6858147482876225,-0.14634448277953632,-0.44442662650864123,1.0,-1.0,3.5851505130424437
1.0,0.2166626610429978,1.0,0.8291027911324342,0.5266017069897988,-0.0771967710725974,-2.586419792788237
1.0,1.0,0.22099038699466353,-0.6384460495695864,-0.45905272420134313,-1.0,5.505425101857403
0.20551650199723187,0.427744496460942,0.4187543611781974,0.5494119121662218,-0.2581715455482818,-1.0,3.7546073525092285
0.22493576332158582,0.7603321858428452,0.705596899371874,0.20059345720463895,-0.877039760334208,0.14401758943193155,-0.9423255141307882
-0.003734300212510311,-1.0,-0.3145872183368128,-0.6076586106264394,0.7303245032533454,-0.3911092266814181,0.27324251060200355
1.0,0.551268029002751,1.0,1.0,-0.8685793570712665,-1.0,8.170404216645451
1.0,-0.9151892648329993,-0.904047151740083,-1.0,0.35121502177876485,0.30107265535816036,-2.947358283895957
-0.6099667272044621,0.6767536276852073,1.0,0.42460571323538115,0.0178586359268878,-0.8187205508803594,0.29798314632490724
0.6383316460206485,-0.18520866262139613,-0.661439076231553,0.012873325958263071,0.33732078061143833,0.5040325565652563,0.5053875706799036
0.6842122269375159,0.72819168397023,-0.3010410108915458,0.31035905389834184,-0.8482920685280564,0.37022222548899125,2.1118686584792785
-0.730259970676978,-0.839689492808529,0.03163326899011164,-0.5764682822541565,1.0,0.8645201419242761,2.3773841666500295
-0.7666027656718457,0.5140385196138326,-0.29108656766983065,1.0,-0.3281234503851821,0.6846515852972399,-0.0025223706433367687
-0.48415827489749474,0.9254195607185527,-0.45716566372909373,0.030100483917522514,-1.0,0.18129667861945253,-0.5550654424748962
-0.4121017531240079,-0.5901187039796386,-0.7199155983442758,-0.36927488029662353,-0.3704773505316921,-0.7351637244585143,0.40343784302712515
-0.7387431443410153,-0.28812252758490814,-0.8441337362387329,0.2736407257832438,0.41003880183347274,-1.0,4.4377588246658135
1.0,0.3362416717526622,1.0,0.5193231596873786,0.0083835402160497,0.22959813227305115,0.336297056977339
0.764101157730064,0.1742408734059614,1.0,1.0,-1.0,0.8045826127306951,0.6337562799906629
1.0,0.5820667875551389,0.2647782792239186,1.0,0.3973871262202806,-0.7995075379471679,2.496748349746673
-0.04591165915095946,-1.0,0.02343557033671504,-0.8265229613862418,-0.3794518195760654,0.9767994733002922,1.8374769424419295
0.44977647493426665,-0.3877321156020661,-0.5815952389203601,0.11655993230104839,0.8250502404133848,-0.379616141226897,-1.271204802138443
-1.0,-0.754219451205516,-1.0,-0.07667668455787768,-1.0,-0.41481753777054675,-4.6390902401178495
0.9002776812022109,0.28899297382299904,0.697733275172072,0.7542019958055248,0.4719543142179292,0.4942467129479796,-2.5733639223046696
-0.335195061780719,-0.9413816632402909,-0.17910620383654785,-1.0,-1.0,0.5941328191766277,3.4321328895912346
-0.6425511682938242,0.5678959776722167,0.4053309658794173,0.883881181687634,1.0,1.0,4.625323184574741
-1.0,-1.0,-0.4359685496014331,-1.0,-0.4208133640218893,1.0,-2.2109351872813017
-0.9231638192584315,-1.0,-0.5898501447471627,0.27866974582371984,1.0,-0.48381046204262035,1.2314756596456493
-1.0,-1.0,-1.0,-1.0,0.8337835292576369,0.41164042479024077,-6.8652606540751355
-1.0,-1.0,0.12619562162121353,-0.9219215655223594,-1.0,0.4372329131475015,0.30163601818100333
-0.13052200557878302,-1.0,-0.2810870141828166,0.12061346620912539,-1.0,-0.3420235392877359,0.617601644432382
-1.0,-0.14440757418497996,-0.8089130707880903,-1.0,-0.7775187154695262,-1.0,2.2647549761941397
-0.3306266941699674,-1.0,-1.0,-0.48961689663237173,1.0,0.10029611309641728,-4.6193702933880845
-1.0,-0.14541551939776043,0.3555478839700007,-0.622649736902338,-0.4638689402934292,-0.5545040537999059,0.8340564955978258
0.027979462704288305,-0.4257261536639649,-1.0,-1.0,-1.0,-1.0,2.631357153352166
1.0,0.07090600096464805,1.0,1.0,1.0,0.6826095932526666,-6.767344364209593
0.6990016672986907,0.820871115877188,1.0,0.32674374457348976,0.1425563611480163,1.0,-3.1753607006339823
0.2638604338404688,-0.22774133968419108,0.22705050384876005,1.0,-1.0,-1.0,4.113091429767008
-1.0,-0.08166657752227846,-0.7753688225586091,-0.9354506427601681,-0.6861509992956252,1.0,3.824132892419608
-0.12228910688933248,-1.0,-1.0,-0.5221666846584998,0.09733748367303718,0.8577080803124695,-0.4875698914892053
1.0,-0.15283325471494202,1.0,-0.31853203996633983,0.4410823686954979,1.0,-3.9265030139038415
0.7514131928542342,0.09975350518052689,-0.8053285287061263,-0.423668377297308,0.7534327042973005,0.4450339454052338,-1.4502955966074493
1.0,0.9534817082591256,0.6007695139112721,0.6882466419713376,-0.8293889408059466,-0.09323693261840915,2.29389057258648
-0.29305879907556587,1.0,1.0,0.5082462765531416,0.7461672468353864,0.9589033047588365,-3.1156914557700377
-0.6432288984520205,0.9110556618414449,0.4141852286877797,1.0,0.4077417918671611,0.7680993288855634,-1.6592705487869852
-1.0,0.09948570740524998,-0.7513981617779644,0.3797579632624179,-0.1692841623948007,-0.8074175642011713,1.4749590803355528
0.12019078908544917,0.10915163127184702,0.04256075598116338,1.0,-1.0,-1.0,4.1921343984856065
-0.5164608788392393,0.22198465148016944,0.7384126760660188,0.7485953999692696,-0.5387429018994754,0.44464622897369815,-1.5672783795981762
-0.5932371380477259,-1.0,-0.9607001390656986,0.7410285227042959,1.0,1.0,5.34242502297081
0.2771177501801206,-0.23604134497503784,-0.12208042560810867,0.9265195787741188,1.0,-0.5086199972403559,-0.6314966733046162
-0.46876555552920857,-0.15156046411157642,-0.5813621457787346,0.4970140602327583,1.0,0.04670992492857137,1.600789288225181
1.0,1.0,1.0,1.0,1.0,0.8384912587164753,-9.38461408714943
0.2345495841053078,-0.02302711597283169,1.0,0.04532211092896954,0.6383568007287692,0.5998497992315847,-2.1723091656034312
1.0,1.0,0.7644396531158312,0.7519875945539486,0.8979747086355085,1.0,-4.67175531935647
0.513431210298951,-0.01700422723924655,0.5136824507008485,0.3880496622933482,0.3109031021388307,1.0,1.147154168126886
0.4348390676800751,0.5115263517741941,0.10699145160529633,1.0,0.03640623418646993,-0.1307140477592853,-0.28026686772658893
-1.0,0.4497122459130254,-1.0,-0.5469720346135374,0.451116778657499,0.08834241074031002,-0.06957059525006076
0.547931458971957,0.1549270359843602,0.022238148815922454,0.9920995351363671,-0.23536113788710555,-1.0,4.886270140473444
0.07092351279258136,0.020309195503244115,0.12757819559888806,-0.16081974985134623,1.0,0.31280613851880484,0.14610520991491505
1.0,-0.24025726430084693,0.4473914237565278,0.9429736289398019,0.15344487149212682,-1.0,4.502689964134125
-0.1675292884265397,0.027914444187441656,-0.48346096855567194,-0.05803599080551003,1.0,0.7528067450850606,2.5972627908260373
0.30475042602867974,0.1983026308739697,0.12673901450710767,1.0,-0.67847217127505,-0.2124905748155943,1.3871578323756761
-0.26437687635768004,-0.31104762320116947,0.4675515475523344,-0.924737578455657,-1.0,-1.0,3.0170274442732614
0.7179949647278541,0.5796788214242281,0.7886006094952662,0.37306346961844916,-0.4426670057247808,0.9364558704523498,0.12435666217266428
0.7663563707969141,0.661379633645768,1.0,-0.3932211324496969,0.7088856335635594,0.1255610566535521,-2.4524859672638484
1.0,0.7921348474444294,-0.544124640481761,0.052232441201339186,-0.03043938606820923,0.294119744107213,1.438407322045387
-1.0,-1.0,-0.3198743856207642,-0.20606488450975435,-0.33949348581708993,-1.0,2.0546166982719836
1.0,1.0,1.0,1.0,1.0,0.6152552498989816,-10.251102739527234
-0.16496255131234938,-1.0,-1.0,-0.44914219859932203,0.10413465781437531,-1.0,3.002002672114771
0.17789001079783284,1.0,-0.044748989632257485,0.7076487700889248,-0.9052004388898112,-0.48278825162397965,2.818169460252915
0.5254696841653319,-0.3451647862708642,0.6294560257377959,-0.05720838773735004,0.2307138725294875,-1.0,3.8504879750064314
1.0,1.0,1.0,1.0,1.0,0.5113944006979059,-10.369244456212828
0.6809929468429916,-0.03511157239491636,-1.0,-0.15337916792743123,-0.45601568904981304,-0.2664880592737039,1.27249855473326
1.0,-1.0,0.8412872668641553,0.24152565250424735,-0.10013131574730572,-0.6732674556036224,6.351655809646668
-0.16441635600582602,1.0,0.6039762693547406,1.0,-0.43783936015375624,-0.8841775221856104,1.3700263239447485
1.0,0.007992518929830661,0.7146773641026666,0.6245305903255048,0.791788317267232,0.5047278864006358,-3.589367473614117
-0.185715575689804,-0.6973946739063257,-0.5024881268564486,-0.3405341196688056,0.7082636776287168,-0.5429347967216278,0.8108815667715639
0.1976415172456516,0.2235503056526359,-0.6924397911680297,1.0,0.023005915060862914,-1.0,2.6789221023246874
-0.7509532982368254,-0.5151509579328937,0.18161705212230583,0.47268742901124433,1.0,0.9468247498546688,5.076201014298155
-0.20282423631086866,0.12714226333583212,-0.5017892148263323,0.9740641834184973,1.0,-0.05664909352182307,1.1680143285146476
-0.5162784201753803,-1.0,-0.274059558891494,-1.0,-1.0,-0.6856518264506816,5.460248308049745
0.3737848643509773,0.033657830403355515,0.46853962695524287,-0.7548329494690174,-0.4167366755318468,-0.25031076147412423,1.0332307504423728
0.5881484222460034,-0.6791496408104372,0.4485869545685025,-1.0,0.2931961609071083,1.0,0.03543453266846075
-1.0,-1.0,0.3572554187677408,0.027182479113814217,-0.37423748015767394,0.28424886002895494,-1.4491885645501368
0.25234375986798324,-0.352472163595396,0.9397879609566868,-0.6741571215703458,0.7700479731772638,-0.13203621303010454,-1.3828956555458594
-0.4918203620160325,1.0,0.5607031889242087,-0.74114563781395,-1.0,-0.742853489359988,-1.3731612351728173
-0.4160072397672262,0.24269071008705004,-0.269387101437078,-0.5985511753222328,-1.0,-0.8304932243305312,-0.5970461103872755
0.3930636435481185,0.4946286178203472,0.5834980617865723,-0.48518923802007835,-0.12631898086388949,0.11371099168297744,0.4191887434648332
0.12757896709982253,-0.4442460910888883,-1.0,-0.16712126298939514,-0.004011010457565467,0.9699178343356619,4.9565698503866855
0.31499790282715945,0.69375763275759,-1.0,0.9935176224769791,0.6980376639769921,-0.20826985282710908,-2.7851753483989214
-0.1823362061359542,-0.7837957211006715,-0.1633893812196257,0.7414358785024222,-0.19246915232207695,-0.8581368045150779,1.4114260549329711
0.8297565562562841,0.8056524130073299,-0.9669112097285432,0.35127180955896853,-0.09591630534266338,0.3428181424690748,1.6477680447141443
0.789909588594464,1.0,1.0,1.0,-0.25778265653639243,-0.9385827480843926,3.4791654157588616
-1.0,-1.0,0.20982962339378253,-0.6385260949896134,-1.0,-0.2667379961968735,1.2870951983527248
0.19004256539563077,-1.0,0.7516006162467685,-0.9754768376376788,1.0,0.9832873123195016,-2.0064685367190784
-0.525535626145442,0.514686671337534,0.6915473279894792,1.0,0.7185448226693691,1.0,0.7594418720666953
1.0,1.0,1.0,0.5533487199844817,1.0,1.0,-8.070499811594063
0.6350164309543863,-0.5122576492345416,1.0,0.42147800685869147,0.9594132501560457,1.0,-4.375023676838052
-0.8720506108632933,-1.0,-0.16249729869967822,-1.0,-0.26453511700213916,1.0,-2.337747910022721
0.051455653161046444,0.5243680851936873,0.2595625505667255,-0.41144524492799806,0.08297421402860632,-1.0,2.4188462211614548
-1.0,-0.4338170211931187,-0.226891846362002,-1.0,-0.38514644187532127,-0.024137217827736618,-0.48587780439306544
0.24672665817167053,0.2836995681766926,1.0,0.2922331219931195,0.35579559108435976,0.4944480715255857,-1.1988911734739889
0.6744911194929133,0.15819817083963872,-0.5333947408243273,0.015246694931983384,-0.12218607203273202,-0.6492453820306074,0.6234076404227489
-0.2250334106631973,0.1390826960359629,0.4428294377891861,-0.5890104194951766,-0.6330885022082046,-0.8723408325793147,0.9386254571024494
-0.7844096845330198,-0.883843622254741,-1.0,0.5185663961008948,-1.0,-1.0,-0.7555970915500172
1.0,-0.335245049450717,-0.46030675454483977,-0.29274843248866567,0.2179685737219219,1.0,0.4753740007251587
-0.9111425665647124,-0.8086905234570174,-1.0,-1.0,-0.01502250479996653,-0.6668975670271007,-1.333828694933886
-1.0,0.5072435047607446,-0.07389816722257003,0.2046757223010029,-1.0,-0.39537651766085086,-1.5881643263673912
-0.265416845174575,-0.4584309289232382,-0.7028779717981501,-0.475928317911818,1.0,-0.46254918672575884,0.8626348329913096
-0.18929491186716157,0.26604467201877,-0.14139473083062762,0.08496573109808281,-0.3119914558312121,0.13702508265226715,-0.11660712740995262
-1.0,-1.0,0.9546686359489192,-1.0,0.2469287585782886,0.5484537668998838,-3.545767153187818
-0.10124674457570454,0.7034682800381767,-0.6502547815866436,1.0,0.6450649303671382,0.49902908283424485,0.3141762816847301
0.37172488645488994,1.0,-0.23022922175970367,0.9773481342627961,1.0,-1.0,0.04143454830243154
-0.43363484082603587,-0.7415777415346101,-1.0,-1.0,0.31698885705194635,-1.0,4.100638724062838
0.24931094646029806,0.6625531198867272,1.0,0.8759552971979081,-0.7179328831303996,-0.8601268031135234,2.2902967212122523
-1.0,0.20890026125178737,-0.45054378320649424,-0.6859994354782567,-0.971986794367803,0.5088398969602308,-0.606907750460939
1.0,1.0,1.0,1.0,0.835668183759168,1.0,-10.938136417861589
-0.32461765091242556,-1.0,-0.14368856742149733,-0.582951851368898,-0.5912269355520582,-0.8000753943802513,2.088057499878681
0.3683572900802973,0.016388123389366904,1.0,0.7245717085082368,-0.19849876953855405,-1.0,2.2726248965729705
0.10864702686956133,-0.8219034039877264,-0.9784478467176302,0.029908235715308925,-0.5690176861742722,0.7257211666321788,0.40710819008002597
-0.1234741896838423,-0.5625662847696129,0.028659472964231172,0.20252582258998497,1.0,0.1913297483718725,0.21244408165891424
0.6641640438892731,1.0,0.8977081538642651,1.0,1.0,1.0,-6.362215131240014
-0.2643250487894653,-1.0,-0.6640429721449761,-0.563014141753293,-0.07469906713312502,0.4231133618913314,-1.9651668234907091
0.1382236839240425,-0.8939003956669245,1.0,-0.33565404203815397,-0.9076241474988873,-0.13463380649287446,3.2817358893478046
-1.0,-0.43032938265571175,-0.06676646639088102,-0.7368334184837743,-1.0,-0.5359805112285047,0.35148511362939355
-0.06751483103796502,-0.14971539283467628,1.0,-0.5681445425858878,1.0,0.05130373089385515,-1.0999552759474687
0.4536488011405959,-0.26516566917759177,1.0,-0.732068891776684,0.8756871911608819,1.0,-3.8737526619815954
-0.046971194213768275,0.4463480890053867,1.0,1.0,-0.5086308499006353,0.15615788322198837,-1.109187305382903
-0.4648634557941461,0.1260382728445893,-0.37179916671714464,-0.8488190856848958,1.0,0.5665983136130024,3.901273291038355
-0.33013962820248993,-0.29578357526428833,0.33434549515764417,0.12200815704359186,0.17009327162265037,-0.19413513849131192,0.44365132869742163
0.27186409001182366,-0.8272352381921625,-0.41746210798319416,-0.2334916916760399,-1.0,-1.0,2.715475899573339
0.4019326667235239,0.11593050968042157,0.8406508284039529,0.9848416823958551,-0.2330808361533694,-0.6456876819057995,1.0073873700007139
-1.0,-1.0,-0.8766006502211825,-0.3249696838045617,-0.7172261944732786,-0.6002617553937236,-1.6393899331918704
-1.0,1.0,0.5493397703229376,-0.9445379761101304,1.0,-0.2566097855513977,0.8826040521883031
0.46086046250700147,0.19962825714998622,-0.3775945769322816,0.46247762151256677,1.0,-1.0,-0.28097557446977367
0.5529086028109524,0.08404143503621814,-0.3439028445220793,-1.0,-0.49958647570324066,0.26159261291231306,1.570362536978258
-1.0,0.13098679645944306,0.03287833579860759,0.8631466628022583,-0.9678952191986875,0.5599324763548512,-2.191252825979889
-0.4200110362706373,-0.35571691144676154,-1.0,-0.007186702850627613,-0.5211761037810393,-0.6818292404373134,-0.5438467732568477
0.05341406393117032,1.0,-0.40384739504189743,0.5788241502527576,0.6431804280677091,1.0,5.397898984178345
0.24998695571075125,1.0,1.0,0.22343772809865348,-0.31964933259616124,1.0,-2.6558997097375983
-0.9652606140082518,-1.0,0.5730606194172166,-0.198916774804343,-1.0,-0.3888854467030122,0.7456620049195024
0.5228607935386189,-0.2571266717659116,-0.3933900457039241,-0.6193188969806429,-1.0,-1.0,4.85034088642396
0.3311906571481481,-0.5211862014976356,0.9628327548949116,0.5364970077872624,-0.7154480045876255,-0.2506894083407618,1.5760681216423502
-0.6044827217052111,-0.4468184052534503,-0.3591228704775985,-1.0,-0.3710865154895715,0.9477314727368555,1.2326084998302798
0.6394200351639552,0.8743644562994931,0.3653222022520564,0.520632354530375,0.8013377507557207,-0.10606459399621004,-1.7966200328075626
1.0,0.6282685794387182,0.6605270103518376,1.0,1.0,1.0,-3.0235359131819957
-0.5399559217498187,0.8150308430712379,0.7986285078759456,-0.9128685333967408,0.7776808199006389,-0.5004096856724158,-0.6602141686904301
-0.5075206798452756,-0.9365681270620039,-1.0,-0.8828102356706673,0.7719156348698442,-0.8043703752851168,0.38963954108248433
-0.5557556283586609,-0.6185843262488351,-0.7826369603495004,-0.6532781542945114,1.0,0.8090840415743339,2.2577413371136115
0.5792137226660762,0.1323807815848308,0.98150775668183,0.7101869381613367,0.0847701088908519,1.0,-2.1607043939086763
-0.18280787422403924,-0.8190300655803968,-0.11532852136905847,-0.0909380224562677,1.0,-0.1280298300245164,-0.44667279330361986
0.39226256663955034,-1.0,-1.0,-0.7999774555475363,1.0,1.0,-3.0814328121690298
1.0,-0.29454560754569326,0.008869127797446752,1.0,-1.0,-0.40827468307208487,3.813152713978608
1.0,0.7294354346665022,0.422867157061235,0.14731442912117587,-0.5216813393215034,-1.0,5.421873942162614
-0.9951688734545334,-1.0,-0.15925744944284403,-0.5077373450715081,-0.17408861182372948,0.09778991351917488,-1.753354531961751
-1.0,-0.8429297468923109,-0.8246759502348848,-1.0,0.5638615969287142,1.0,0.1760707799220071
-0.5204670920805403,0.9598289836251178,1.0,-0.5419840804290883,-1.0,-0.37720635453957396,-4.697908112822686
0.1998269825731558,0.08589591191540902,0.27916919940807183,1.0,-0.19370177031142025,1.0,2.75052731732155
-1.0,-1.0,-0.9787325826885971,0.4463819299815516,0.6803108272594172,0.825379697001396,1.4427064013647977
1.0,1.0,-0.018843372070884074,-0.9113869388759556,0.5706067978774028,-0.18203931649899202,-0.25654868656185614
1.0,1.0,-0.24979997537380055,0.6125460708037518,1.0,1.0,1.9525710263114382
-0.5001760771684403,-0.09854014302666836,-1.0,-0.5835050266861825,-0.6186876572697253,0.07131669375855657,-1.8228932617650437
-1.0,-0.5954190156785939,-1.0,-0.4219728262906799,1.0,0.9853847608518898,5.321844631190304
-0.3546031230209618,-0.6691127218527404,0.5625706700080166,0.44342307801395586,-0.7203412901199641,-0.26515222358705376,-0.38725603180167334
0.049788752748926246,1.0,1.0,0.1807326673776093,0.5881079526453044,0.005264038758811818,-2.5304717114256956
1.0,1.0,1.0,1.0,0.6697452987650726,-1.0,-3.719403702589733
0.6945904085232713,-0.4359279009392669,1.0,0.08243309101882246,-0.15521903073521742,1.0,-1.6419496119978187
0.8320407739567013,1.0,0.8890049701351624,0.2046337022542385,0.018553811121300057,1.0,-2.679123587130267
0.19441027671869177,-0.9659687382504059,0.6295676082174427,0.37082047231564697,-0.374562969827849,0.221070258642518,1.9997706378114428
-0.6461443721497222,1.0,-0.7159393796974626,-0.11330584493486555,1.0,0.7069889502649758,9.746691702452157
1.0,-0.5515822058602479,1.0,1.0,-0.6364399203979305,1.0,1.4586915895006598
1.0,1.0,1.0,1.0,0.008573559518091037,-1.0,2.007124195995742
-0.0350553212506155,-0.3226483180037746,-1.0,-1.0,-0.07273486008697752,1.0,3.96182817201889
-0.35360976196395977,-0.6904285780624521,-1.0,-1.0,-0.3201483988832402,1.0,2.8863907464819674
-0.2915261764638879,-0.6919723083376919,-0.2384908795281714,0.5710529143094722,1.0,1.0,4.530886942942216
0.25577801291516833,-1.0,0.2896133081223256,-1.0,0.19677438725205454,1.0,-0.17297928123335077
0.1621784591528137,0.44682741458007014,1.0,1.0,1.0,0.8585259681144322,-2.8425002788998053
1.0,0.12711967375550115,1.0,0.41435810015299723,0.6382087638286497,0.17066473832356704,-2.7566144079493
0.2184361101361525,1.0,1.0,0.8038373584695546,-1.0,-0.6166826997723454,0.9979809240886546
0.22695594183967888,-0.9217609601097656,-0.5841531109994346,1.0,-1.0,1.0,7.57231339635442
-1.0,-0.3414214851880477,-0.4274215695031969,-0.046590141679914376,-0.984577379660538,-1.0,-0.6957134153567374
0.03459087574906805,0.20174905561745332,-1.0,-0.8107105111430055,-0.11420173119845711,-0.7819641859681907,0.3599199637572508
1.0,0.5009088198860561,1.0,1.0,-0.808702007556718,-0.9960477292338236,8.634922484868596
-1.0,-1.0,0.390271553482274,0.09544996744106649,-0.5068699795446662,-0.9854296395040707,3.40552608151662
-0.5319658235526314,-0.4068410083122225,-1.0,-0.16572213130108893,0.7155550280617804,0.72361283955374,3.626949978174552
-0.5839525393111157,-1.0,-0.026343187332469986,-0.9522666922377556,-1.0,-0.9000998972551473,6.9623301367161865
-0.790520255667248,-0.8982230106301863,0.5592515822401283,0.32242926886916545,0.011195247971177338,-0.6139529128219429,1.9856202550556104
-0.25127590856237825,-0.6148055610147521,0.0032873213505905108,0.4306307392576465,0.3422478484613372,0.02051241217048433,0.14491860554570526
0.4296256399142482,1.0,0.4022105649455878,0.9694276746465236,0.9958802818582388,0.9237353379733227,-0.22681036308274616
-0.1463487680585822,-0.6819528234824144,-0.5904200869499604,-1.0,-0.6071391365088292,-0.2437577867372962,0.17804422932149844
0.06595085120463595,-0.7086212364590885,0.9933234857654002,-0.5369177986399991,-1.0,0.4851603835341883,0.1050835161224572
0.09265915699877592,0.5896912780423864,1.0,-1.0,1.0,1.0,0.9623611172875733
0.8010809793214312,-0.7491662389498832,-0.31991925471208593,-0.40790441307049363,-0.6580339438358668,-1.0,5.349374349055372
-1.0,-1.0,0.02720034037261132,-1.0,1.0,0.7692644954897033,1.1536913010446956
-0.3146926145312263,1.0,-0.009225301468672953,0.555002035487355,1.0,-0.32983703015862725,2.085350455062743
-1.0,0.6416602562852248,-0.4185347762593063,1.0,0.07601315367972394,1.0,1.5168106170753228
-1.0,0.13354090613640657,0.2831047183888126,0.9204995613852649,1.0,-0.14215237406942366,3.7556390330864096
1.0,1.0,0.10750488650883616,1.0,-1.0,0.469514961647979,5.155894689300319
1.0,0.3771370241365941,0.8360254987748923,0.07639153541936927,-0.5987144918912024,-0.551707352400606,4.554284339917928
-1.0,-1.0,-0.6144346307400306,-1.0,0.22267892532551736,-0.3608258513870265,-2.43004755143674
-0.2214468610252759,1.0,0.25456302534516373,-0.18645080024294647,-0.4472873578296006,0.5270455573453445,0.6863476433407517
-0.12884862114397388,-1.0,-0.6657278164550915,-0.7722331268859737,0.3994769737344591,-0.5695191697653506,-0.4211620603573009
-0.7876057520382365,-0.07763411050377189,0.8470415136549857,1.0,-0.46584413473423236,-0.09903152531572079,-1.1342329007927916
-0.5054264417205638,0.23702570533372663,-0.5091457875478034,-0.18508702091735293,-0.40162816063002627,-1.0,1.08451630091203
1.0,-0.05940222568486486,0.3265120274647517,0.5172746649399448,1.0,-0.17961106896219925,-2.3184885880848225
-0.3413481102324958,-1.0,-0.2077091870569583,-1.0,-0.8753746894658916,-1.0,6.670638090742629
0.32164361934530883,0.0050364101981570375,0.35700736343601563,-0.006753654943825238,-1.0,-0.23567346265404754,1.8085492256700013
0.2614282527640729,1.0,1.0,0.6307853546329201,-0.0630579570247517,1.0,-3.8105698210664096
0.9789395549659285,0.4738274632698772,0.9559035129765668,0.8341248655117812,0.9371698884511837,-1.0,-2.111857340047651
-0.7847895734415775,-0.6240651247814739,0.017448850568585084,-0.5572052361230762,0.4658955806068512,1.0,1.3673557277874533
-0.2200574783953575,0.9173136535105189,-0.45987233072364375,0.0025108165781727587,-0.03735337537870537,0.8253053397769085,4.940365487771958
-0.730444343423515,-1.0,-0.6400073947669145,-0.9825223393020366,0.9993684509129883,1.0,0.02382578967140958
0.5314899675486064,0.22584357961242096,0.5216425015938231,0.15325724534392404,-0.2689774168205824,-0.739865208328856,2.2724718479173207
0.33271186421874954,0.5738958045839284,0.09357669850006173,-0.8495771524685675,0.5398883388342817,-0.27292505359666075,-0.7545394819913704
0.7411439875008327,-0.8510595157288348,0.254177679495589,-0.9226453885657796,-0.8337022646357215,-0.19405773344741578,6.087299916729243
-0.31078014507825436,-0.3269265453195619,-0.3170220353272929,-0.9433994590522672,-0.331062938996117,0.4317297161284921,0.15522496580519374
1.0,1.0,1.0,0.13423040181217427,-0.4484505612897234,-1.0,2.865052567165324
-0.28331152717235053,1.0,0.05365517487830236,-0.4641146954754748,-0.7858263780449334,0.15715545607981107,0.8863660590567812
0.7361214635644177,-0.22372436173421395,0.35104815160225383,-0.6636704939325296,-1.0,-0.018935616678088296,3.7036750411054022
-0.5665539448631854,-1.0,-1.0,-1.0,-1.0,-0.9903938655176464,4.660051969523168
1.0,1.0,1.0,0.7541087821788026,0.5109258123162355,1.0,-7.176133390054865
-0.2991167737405547,0.14934832564624,0.3218958538109159,0.1624139387905036,0.4556807593746365,-1.0,3.586104351829353
0.7444852231656758,0.6857133586293434,1.0,0.6127001233696996,-0.8525632961047013,0.17926680928724836,1.2519354899769737
-1.0,-1.0,-0.8649477457510366,-0.02951571642719042,0.21372309225096275,-0.8986608448884608,1.8843749286884215
1.0,1.0,-0.37112471725791185,0.07915960176013981,-1.0,-1.0,6.661133967203963
-0.6306400923444799,-1.0,-1.0,-1.0,-0.19755676586051063,-0.37686033065905056,-4.419773097676929
-1.0,0.48496238569569294,-0.6414128699224296,-0.5496933288088129,0.4758096670098855,-0.12714434900707472,0.33520565335949204
1.0,1.0,0.5875758817277486,-0.06617010798670764,-0.014919915169295667,-0.16357641609646634,-1.063514465275261
-0.3074131509564575,0.5258313543204861,-1.0,-0.40850617073387574,1.0,-0.2306249433549139,0.6249102621120802
-0.3021870216877589,-1.0,-0.3292020565445544,0.4629480599409039,-0.6166992693712956,-0.40509367247796957,-0.9130314784173922
-0.2809631986692936,-1.0,-1.0,0.17307831958757658,0.13139326593995737,0.9340408267128371,2.3189665716380334
0.3597634715215876,1.0,0.6814834754904231,1.0,0.052274264431489637,1.0,-1.7129054021715886
1.0,1.0,1.0,0.5982686088273381,-0.690376111632631,-0.6623319072153644,4.235565736786232
1.0,1.0,-0.1870780247542455,1.0,0.4547158010830201,0.7594880856592666,0.6793255677121064
-0.07780959650543284,0.1321344167010079,0.46005897568778187,-0.3028848615192523,1.0,0.04417496374889307,0.2814206446287897
0.647913182955036,0.26810030183868677,1.0,0.8445911299850934,0.7375074194294945,0.18611080550316178,-3.2922409796339376
-0.7166591077111542,1.0,1.0,-0.5833720104713398,-0.3543635155547602,-0.885590119372625,-4.216974273117513
1.0,1.0,-0.17795968056274947,0.5382248380263559,-0.5982379716734185,-0.4338057304255296,3.9805688466883193
0.1846276289174348,0.6477821570561344,0.22418018686449498,1.0,-0.22295808405077316,-1.0,3.5498939232247713
-0.629631664207952,0.09649887618740871,-0.7665389273269063,-1.0,0.8311508191812004,0.5525692408294565,2.670656233108319
-0.8589103129229966,0.4236469497806754,0.6852239862251521,1.0,1.0,0.5791109785256281,1.0015286788607096
-1.0,0.2825551797123226,0.2736183787951789,-1.0,-0.2557983570721668,-0.8017976085725121,0.40767967747595235
0.225179404211172,-0.42854631442278746,0.32825779012207734,0.07619963290911097,-1.0,0.08820636110973745,0.4312177984175166
-0.22164560486769203,-1.0,0.21740494726508464,-0.12553276218758946,0.5281305636578845,0.6099755115800463,-0.1712288612724182
-0.3535583386471707,0.04767003591573293,-0.5878151461752428,0.6160418103806493,-0.34181767684437214,-0.8802587870965333,1.5849896416589095
1.0,0.8519402441572101,0.6208119419220735,-0.410307546315281,0.43759814538255204,1.0,0.40122583433204234
0.7737023929974935,1.0,0.9308883626568378,0.7302561493481048,-0.30651033597455435,1.0,-3.0949703523606598
-0.9006647330252621,-0.8954616836054239,0.40755176231598256,0.7472661378152232,-0.48398901735831656,-1.0,2.4942431912599874
0.6569252942261424,1.0,0.7914340510669834,0.0532592405065091,0.9693423206180867,1.0,-1.4754244104267333
1.0,-0.4050395053815048,1.0,0.02709950076194656,-0.4908568189958772,-1.0,7.057930639900312
1.0,0.45062384179382065,-0.38397471051420096,1.0,0.007083955276030868,-0.8930762704166787,3.371530580594997
1.0,-0.784503044843617,1.0,1.0,-1.0,0.030478191151931067,7.871078182499857
0.1590887700607817,1.0,0.2717238593457144,0.6390929038697057,0.6424353412865103,-0.3760971208183935,-0.5698305029866151
-0.8739417717803427,1.0,1.0,0.01902987238561088,1.0,0.5407675182442127,-3.6849963074047647
1.0,0.5864254962263991,0.20602113177366532,0.8681404780430437,0.2734973291436211,0.5994605454557123,-0.23687445996601375
-0.9567416052396924,-0.5855118906786576,-1.0,-0.09139935412390021,0.1888043278449939,-0.4104390523796598,-1.3165611828945127
1.0,0.2231268191472724,-0.37138114198297695,-0.635091001809884,0.028116517274020536,-0.7846068748069943,1.6662417785426393
-0.05179317736145872,1.0,-0.44520621109598446,-1.0,-1.0,-0.5954210609468615,4.803721062437718
0.22686168086880198,0.34929465980960495,0.5460062892759301,1.0,0.8222470767720182,0.37221281366457015,-0.7990179307166477
0.2875259852647565,-0.4775607191254557,1.0,0.2061445930742034,1.0,0.04056599204140354,-1.5515055579049557
1.0,-0.5801937484794351,-0.12429393834232394,1.0,1.0,0.9953669913455268,2.4695750960882017
-1.0,-1.0,0.3672438340021914,-1.0,1.0,-0.48588715459151194,6.378504439802489
1.0,-0.2323587630613433,-0.2347008994851809,0.8679345346832938,-0.019566779418260127,-1.0,3.9819056819796805
1.0,0.2180269207959431,-0.5419554583509232,-0.5258721196382582,0.18720245081877085,-0.9062160746758778,1.3689308112753968
-1.0,-1.0,-0.5644212209180521,-1.0,0.14619351681198856,-0.6217306421966253,-0.604711522293262
0.9316631326995748,1.0,0.6323672301705574,0.6156033101992124,0.4394638974619919,0.9257299442473109,-2.749719266907352
0.07335611273642129,1.0,1.0,0.044931519888159244,0.27579610146333655,-0.2135603365228248,-2.3728992532137134
-0.45761046411018724,-0.4259265405510737,-0.7257374239672636,1.0,-0.26287694058423544,-0.854784161658385,0.32803729797687153
0.2664570172854784,0.05506294809311929,-0.8378749371053076,0.593815543631099,-0.640456232303716,0.7327053021828127,2.223714568142679
0.2640254633019205,-1.0,-0.0034544817438735276,-1.0,-1.0,0.3683701495253304,6.996034601777628
-0.02034125200950654,-0.20378538134522706,0.08497062440827269,-1.0,-0.3762346999472461,-0.9472488348012664,3.374927340478165
0.03365242446854676,1.0,-0.05938282079271854,1.0,-1.0,-0.16645188679186051,2.7175439825646333
-1.0,-0.6699986638074082,-1.0,-1.0,0.25402978334212556,1.0,1.1107556234497191
1.0,0.5342609992129539,1.0,1.0,-0.86159700840246,-0.24739284840300235,4.43721986395361
-1.0,-0.7019263445872773,-0.44824313381504655,-0.36617863751320223,1.0,-1.0,6.30812998293737
-0.7303471652549831,1.0,-0.5766541347604102,0.5691400715955769,1.0,1.0,10.869546049769841
-0.32860934676977765,0.599921479599639,-0.29033860556172053,1.0,1.0,0.795014502240778,4.098009452493897
0.2150858063339266,-0.10769180693380759,0.13154196246505695,-1.0,0.165715323989456,-0.903547017855894,2.7289673456975017
-1.0,-1.0,-1.0,-0.028926693315141305,-1.0,-0.5134244829402055,-4.845020277133503
-0.6889802830172963,-0.3349413667631344,0.8148900604320167,-1.0,0.3335073124463885,-0.7161899999927854,3.000627844930994
0.23512052587805551,0.22896787977343813,-0.8520607970198686,1.0,-0.12997623338147246,-0.9366488010542753,0.2678239626104988
1.0,0.5194224736938308,1.0,-0.7778088259971329,1.0,1.0,-4.2394613304262485
0.496168325557073,0.17532013842978622,1.0,0.2758040701495901,0.7977853117697289,-0.028110875246551648,-1.4976278544578823
0.5347120724249268,-0.616851296160043,0.3453950952832986,-0.0480802994386469,0.3009209010783045,1.0,0.6886907387249188
-1.0,-0.8596022884663632,0.17503058901487495,-1.0,-1.0,-0.04451239886568592,1.6101329264215145
-0.7360640056348863,-0.36684111495067495,0.6622387145211588,0.9616474871239086,-1.0,-0.34182148690833625,-1.5448128864599946
-0.21091996813876626,0.839177128263799,0.13506962228923713,-0.9835718196675058,-0.12934327800411907,-1.0,-0.5369673798662974
1.0,0.7074594552682385,-0.17747306265258905,-0.17422473996323362,-1.0,-1.0,5.194234847553231
0.1942580926151075,-1.0,-1.0,0.8021517157645244,-1.0,-0.2905131260219782,-1.3041808796889947
0.17949978249132326,-1.0,0.0825275956011402,-0.34497522815112996,-1.0,0.5591561488866288,2.9472787189894913
0.5647172478537903,-0.6133061821801729,0.32295062614727515,0.04870091904784157,1.0,1.0,0.4922980295531772
-0.20880054268777626,-0.3415210566195599,-0.015674143320841605,0.24221932515661315,-0.5681912859996758,-1.0,2.5542147731162386
0.2958726343467342,-0.32016434850281483,-0.053194464000021036,-1.0,0.6629606756456002,-0.19160484361101393,1.1746826996356088
-1.0,-1.0,-1.0,-1.0,-0.5629034739715139,-1.0,3.2155711053849094
-0.4060265589994525,0.5518005287964598,0.2566150774590493,1.0,-0.10151185759959064,-0.11584808596710994,-1.1968762791255765
0.041421034926951705,1.0,1.0,1.0,0.6278507302288705,0.7107667345069467,-6.760810310784914
0.027886700654814134,-0.2603493700887818,0.8051107552980756,-1.0,1.0,0.2938064861502536,-0.27017854956923837
-0.26338807824363397,-0.9580670526276551,-0.7954638649895119,-0.39967319496565734,-1.0,-0.1487447128358188,-1.824075088210177
-1.0,0.6558332892649668,0.8060440310874359,-1.0,-0.7562316924283186,0.9511347365240782,-2.317077441442212
-1.0,-0.21915803952341484,-0.7357474519493872,-0.952646285759807,-0.24574962592581384,-1.0,3.9533339641907763
-0.28407081498937564,-1.0,-0.013977343890733573,-0.006072586526451262,-0.07994769096147403,1.0,0.37653871768769165
-0.4638775658427091,-1.0,-0.9964645311599576,-0.25538418145886066,0.8041843158525628,0.7694180413346527,0.7074091833292064
0.9904806912271135,0.6558946351836806,0.7426485535949162,-0.9035170550111417,0.8788673492773653,1.0,0.226894802860398
0.006866520031324708,-0.15720559434786602,-0.1254382999960666,-1.0,1.0,0.9429379174209145,3.4322228962568433
1.0,0.3775065514320144,0.45257389071920007,0.6788235472562667,1.0,0.0962659350318493,-3.6097764296229187
-0.8753421215102573,-0.15472589435319484,-0.7354620160441385,-0.592184354449415,-1.0,0.15525562622744737,-1.7504391377074349
-0.1171801065032411,0.7731189542891165,-0.038297473454869446,0.9742175505430919,-0.10089362474084745,-1.0,3.289313622844958
-1.0,0.8264345541027955,-0.0524863263790627,-0.9681344113769514,-0.7501484811194351,-0.06409566092289198,0.012885647182582949
-0.11037886851486484,0.7159679833990067,1.0,0.3724759278734058,-0.4748969091070989,1.0,-1.4216723491328702
-0.06663481685978441,0.6850179221398616,-0.5209351315751456,-0.7328057266031307,0.8336488404378318,1.0,7.289136941427722
1.0,1.0,0.8398702584879374,1.0,-0.44766947938076673,-0.021377540989515276,0.5939873221452793
-0.29337835889971386,-0.3595426441804165,-1.0,-1.0,0.6851016540863125,0.37809715400868116,-0.4456328152180319
0.03065991671578401,0.22679285574331418,0.5215396907615706,0.9285468171624123,-0.3297877015271895,1.0,0.4452326715110436
-0.36392819299041945,-0.5454969954948748,-0.21636609383423666,0.18212754641978196,1.0,1.0,5.391342425490357
-0.8437120412093502,-1.0,-1.0,-1.0,0.5956867946666531,1.0,-1.2258279271055608
-0.56975632845689,-1.0,0.18030397371987797,-1.0,1.0,0.9969259351414137,1.3588813800493347
0.28145474827198247,0.3713710890482612,0.6145913821719766,1.0,1.0,0.9208295207457073,0.9292938870612903
-1.0,-0.9227352553710398,0.766425888353677,-0.795186360018928,1.0,-0.8865659783768813,7.648560573375856
-1.0,-0.25765269452024253,-1.0,-0.04406102897570252,-0.9764272534635139,-1.0,1.1493281684375538
1.0,0.23743630007613015,-0.08992590774271936,0.03170540859075199,0.0743419334468892,-0.4186614787662876,0.6295109646848641
0.7960084563159135,-0.3962766246096453,1.0,-1.0,0.18914988570435182,-1.0,2.156347764871468
-0.6278471975895357,1.0,-0.014505527313687261,1.0,0.03227362151903018,-0.9966062342711768,2.349483582443124
-0.8747742449977242,-1.0,0.10044117009573117,-0.27572334888578554,-0.4262249981761663,-0.4882093275403012,0.7931549401678353
-0.570041505093122,-0.36484360325001985,0.12931802565079975,-0.4119195443852307,-1.0,-1.0,0.6858845675650669
0.8282938605182114,0.0759875887696726,0.8512074964769107,0.1239993415861469,1.0,0.6835314004140187,-4.14183843770869
-0.20649396909957596,1.0,0.0998093444123771,1.0,-0.382023403686761,-1.0,3.9988708229720777
1.0,1.0,0.37374238617585354,1.0,0.208270291377262,-1.0,5.575201610786154
0.3327507067775265,-0.14778385968822527,1.0,0.5383312540812204,-1.0,-1.0,2.2230119098684358
1.0,-0.4549176868246516,-0.972899342581849,0.7673474922585298,-0.2871701951118378,0.6342852992284875,2.3567287371444614
0.317591505418067,0.9702373348209823,0.740316432606509,0.27553908360388546,-0.935016279735618,-1.0,0.9177228966063048
-0.2146333691449204,-1.0,-1.0,-1.0,-0.38333919481777223,-1.0,3.4100837673303084
-0.8280563051111998,0.4372331041989093,0.5856558646030819,1.0,-0.015176451144520514,-0.04425228996131925,-1.1780378950693018
1.0,0.9144117288404876,1.0,0.1347485039357349,0.617571229616263,-0.8733811966957246,-1.9890251511926456
0.12215605003233332,1.0,0.5418845845788709,0.509385348560679,1.0,1.0,2.550919717003082
-0.2504121758940643,-0.11530826883066814,0.9116066021787123,-1.0,-0.20803559130510407,0.31998855902133216,-2.005681921676583
-1.0,0.007618891134449246,-1.0,-1.0,-1.0,-0.7225314707532612,-0.09871937333153313
1.0,0.05996676447613081,1.0,0.5111693307031762,0.06413415554079238,1.0,-2.583921352377723
-0.5733989437674094,0.4227612309997285,-0.08342516743259187,-0.23051954384942663,-0.485031998337213,-0.3242356925240106,-2.1302505006785912
-1.0,-0.23222152572144295,-0.9648167267952716,-0.5361893239355564,-0.8107398747628309,1.0,4.502312494550603
-1.0,-1.0,-1.0,-1.0,0.7157367952189108,-0.378904825587256,-6.641143525400493
-1.0,-0.3325196591922366,-0.9673385075211234,-0.2452831327939995,0.6011644877052214,0.5371046072846892,0.995190956920035
-0.023959868965384268,-1.0,0.6722590906975308,-0.6342805404381705,-1.0,-1.0,8.297796681234416
0.20376652020416638,1.0,1.0,0.22396669396902824,-0.8627515634089971,-0.9207209774287706,-1.8576184975911647
0.06303829858827492,0.8175937972931251,0.32159722698429277,0.52668356211683,-0.6016651060759834,0.1968193369658814,0.9946273429736219
1.0,1.0,1.0,0.6492807230221527,1.0,0.31789209983467664,-7.278639806244081
-1.0,-1.0,0.9973987376529929,-0.7910835101931217,-0.7003482092194566,-0.2413728923370323,2.4326605962589616
0.9270022343649774,0.9087038281138973,-1.0,-1.0,0.3051403413845457,1.0,6.470863544914693
0.03711044373155711,0.009572732473883794,-0.6546943010369057,0.4058825348290989,-1.0,-1.0,0.663783009385315
-0.3477706027853924,-1.0,-0.5132444582152262,-0.4676071553291248,-0.23912589164868492,-1.0,2.884147246637498
0.3687759275559732,0.2252216403559858,0.3072216771086367,1.0,-0.7155053768846772,-0.4601999210049127,1.2828729545256095
-0.24018427864925118,-1.0,-1.0,-1.0,0.045818452736837934,-1.0,3.0356877171673977
-1.0,-0.00010944393970113708,-0.05902487107129617,-1.0,-0.13549751335527704,-0.5870323718883952,-0.2890513514815296
0.2859923346890336,0.23473652640319748,-1.0,0.833275913276969,0.49862962886379236,1.0,6.129331760467788
1.0,0.8988596422058961,0.16816329086909643,1.0,0.03807252279416434,0.35742034295700204,1.1519919128594394
0.7070306344447621,-0.620491670915938,-0.39739804336507695,-1.0,1.0,1.0,0.6880186781180252
-0.41187154047755037,-1.0,-1.0,-1.0,-0.7445616743213885,0.02732478163942298,-2.6567250893816055
-1.0,-0.8800065607251332,-0.3972993810173959,0.2260514794530788,-1.0,-0.7271942228992916,-2.2792489421934783
-0.7216718538793987,0.2796825941378905,1.0,0.9638873073095737,-1.0,-1.0,-0.3799249252347523
-0.584367051176738,-0.4863645321931511,-0.12396825302685555,0.6009037600377605,-0.3241061463986257,-0.045695074018339915,0.12150006240111022
-0.03255698569028165,0.23101204528227814,-0.8309293959599624,-0.254976484989621,0.13942681234757404,-1.0,2.1008516395608012
-1.0,-0.534572222354962,-0.1926464979298077,-1.0,-1.0,-0.11824087460547461,0.6126215944372968
-0.9913259234887546,0.08637229092765808,0.5993263084609244,-0.4358634386232173,-0.9794722171532542,-0.34932409544018783,-1.9145896457252134
-0.20191901690041303,-1.0,-0.7977388835072432,-0.8009893807049127,-0.7747515501355142,-0.8852915247248798,2.876563229964462
-0.6131818977267082,-0.15909291751573157,-0.15242850848082845,-0.09017054222000076,0.6760925342418858,1.0,4.253463651540524
-0.6576068744768189,-1.0,-0.12996655752665642,-0.9379853884173246,-1.0,-1.0,6.222037011938182
-1.0,-0.8114636765092322,-0.6244271147894054,-1.0,1.0,-0.4715400627191747,1.5430151780714447
0.4064803123432973,0.473910694316221,0.5247648249277261,1.0,0.06731728698431783,-0.10702264547896811,0.27163713141207857
0.12948799756980311,-0.39681050081424807,0.3693928649820847,0.534416152829597,-1.0,-0.801995123549077,2.7636769848802607
-0.15762299693242632,-0.15532317370057613,-0.8124937966980919,-0.36660768397204296,0.08271630935582142,1.0,5.553067085296817
-0.2901757554008515,-1.0,-0.04813544415819759,0.5822066642622525,-0.12078468948680965,-0.8075870570163078,1.2962625617113537
0.7404148550415639,1.0,-0.12101288662955256,-0.035901043552593895,-0.10139148831905198,-1.0,3.336470234576787
-0.43262670290983674,0.3255150503609498,-0.36350942477374587,-1.0,1.0,0.0553147440921552,2.615803980809642
-1.0,-1.0,0.8011842932540336,-0.09511526490944266,1.0,0.07475294998647204,3.2456273683580426
0.8727454995201777,1.0,1.0,0.04771730790930573,0.367838940064024,0.01019211824204698,-2.8990040434079374
-0.043774803599314405,-0.14618026618515478,0.027799819929198,-0.13123590179385344,-1.0,-1.0,0.6812964875948617
-0.4361325479864623,-1.0,0.0589256022354987,-1.0,-0.6962058629809045,-0.24663272676101078,3.0725479125455077
-0.9586210257459067,-1.0,-1.0,0.054344563176339886,-0.2827080528448127,-1.0,1.8364454532801924
0.28251922673452323,-1.0,0.527737168136234,-0.18753012237670907,-0.2369037965653834,-0.0739226741176453,1.9652892071159564
1.0,-0.027466734233323964,-0.3261344944056214,0.12023673061717999,0.07519593729177643,-0.1968951743770531,0.11130967167611613
0.6781126231167184,-0.1844686568653568,1.0,-0.38176516640215813,0.2186147906562134,-1.0,2.418658713041684
0.08065251694099962,1.0,0.5700186135262387,0.4694798800426523,-1.0,-1.0,1.2835135782239373
-0.22949222162973676,-0.678882213730966,-0.060422718405200804,-1.0,0.213628353193905,0.2696174004338212,-0.5873555239446415
-0.6351808410072703,-0.0956403827733619,-0.7558454478681544,-0.18427296991159192,0.655564876756443,0.04026843011533819,0.6636566048471435
-0.884720265478343,-0.005101802407643463,-1.0,-1.0,-1.0,-1.0,0.8849539259675823
0.17026199284645183,-0.03868376057644779,0.458629376228175,0.7727740221871293,-0.0213073214575904,-0.9946697488071637,3.191606465731824
0.695961956351279,0.8909393572078212,0.41251089430234567,-0.28463838257792495,-0.24107210317823913,0.5604789139841848,0.4332527855185143
-0.013942957965612901,0.33775367134254164,-0.21957484036906802,0.3962220436824926,1.0,1.0,4.901439849825183
-1.0,-1.0,0.03476684727630264,-1.0,-1.0,0.29526731545735185,0.7166685476806547
1.0,0.367735301723941,1.0,0.3967978964144382,-0.6760716750451705,1.0,1.045800251033683
1.0,1.0,1.0,1.0,-0.11532841127852642,-0.5605812146162547,0.5025996422952572
-0.32881951444549046,-0.31265077191338964,0.7061787529338146,-0.8073064163342317,-0.8656081979220174,-1.0,2.9383163896025857
-0.8231858675120208,-1.0,-0.9801660818476228,-0.6946244282503138,-1.0,-0.26543004411891435,-3.3015775261957176
0.9924823621193026,0.5813883627559625,1.0,1.0,1.0,0.14880654420776782,-5.285862019572235
-1.0,0.07192167522641901,-0.6541713470455617,-0.05223856557592055,-1.0,-1.0,-1.2532820177847492
-0.05043296105204653,-0.18333947283982083,1.0,0.8310590616246021,0.9996978537534321,0.23562756556762404,-1.6179522016232684
0.48403571342323937,-0.05535946013098647,1.0,1.0,-1.0,-0.9233741847628301,3.140113893553521
1.0,-0.6662234664809372,0.09619452651644206,0.059728753790034506,-0.8602545569178632,0.05400196436928639,2.766815109349188
0.4665310530611043,-0.1933611854754269,1.0,0.8138643735150637,-0.807640436316295,1.0,-0.6972508070013462
1.0,1.0,0.997706221198501,0.6105737368302695,-0.0935879116803192,-0.14744107335562884,-0.7916197885102697
-1.0,-0.13947354476266782,-1.0,0.16031823277197677,0.5370534463213963,-1.0,6.516322580780713
0.40939391694824523,-0.06265566385171238,1.0,-0.546056862984462,-0.916668159157493,-1.0,3.5730606791312933
-0.007890264333612729,-0.7100888793847877,-0.4332987633235639,-0.3370301568442198,-0.2554413747797762,0.46548759188044886,-0.6117819721171163
-0.2998178636706601,-0.25222355240269084,-1.0,-0.9279379197236493,-1.0,-0.4895092829458381,0.6310362341107847
0.3832279184395345,0.6478843741333741,-0.4661113655998773,0.3505854760939653,1.0,0.5945282240971054,0.8022533911572168
-1.0,1.0,0.5279372641244082,1.0,-0.6366558823643396,-1.0,0.9636256181597881
-0.4116965542266558,0.10091487318656955,0.06636907499046107,-0.22812400727115834,-1.0,-0.0890918953405235,-0.6963074582978354
-0.0003007495727946896,0.07143598089841696,-0.5887331484833178,-1.0,-0.8627722721234043,-1.0,0.7145964340208336
0.4455697507292369,0.43131078364291564,0.30209745437423524,0.9964105297975903,-0.8516217460296609,0.4488794782111072,0.45011523000252995
0.8646798184197588,0.9605219858016717,-0.8588578198199467,-0.019450871403751374,-0.2930480051847546,-1.0,4.365209850588142
-0.4893339203370006,-1.0,0.29482012796163093,0.10686287221131768,1.0,-0.34247322711164396,2.513342110396116
0.014427707176401405,-0.6098926989397605,-0.6758964160996974,0.6098203808374901,1.0,0.444176241735429,0.3686451467685493
0.9068876189696402,0.14887237262411168,1.0,0.28655883636188406,-0.5152752637129365,-0.14718286954754572,3.0790621278704133
-0.9961261716266221,-0.9721703618534872,-0.20481132093035992,-0.03790531345035553,0.6125379520760459,-0.27745732365927894,1.898129815753054
-0.0904831215212128,1.0,1.0,1.0,-0.19070374237223897,-1.0,0.08989155743704097
0.6005060088247303,1.0,1.0,0.712130330288276,0.2856166011739092,0.07777289368392815,-4.172078256285837
1.0,-0.3713492500236145,1.0,1.0,-0.6858549079028529,-0.38128653295603365,4.227589039998052
0.8007396706917949,-0.4223764657188207,0.8798863219720607,0.8158826056948751,-1.0,0.48693986908618947,3.5051719804377077
-0.5465548474762179,-1.0,-1.0,0.47089015445759574,0.3910364082395689,0.42938601919880603,-1.6403477192350076
-0.058899289386046494,-1.0,-1.0,-0.5263714914854768,-1.0,-0.04781400700020655,0.26799954584463825
0.44378267926963944,-0.23714485351804773,0.24111456553187727,0.34355494625596017,-0.005608926217855692,-0.6049302270647563,1.5606864275351355
-0.10263032258416549,0.033517644771937305,-0.4943112136399884,0.6315366808870833,-0.10454806205133527,1.0,4.485026744591409
0.35562735035255455,-0.23966600665516635,0.4972423018938243,-1.0,0.24400484037066456,-0.39586948052675697,0.5311371763678375
-1.0,0.7493748508441742,-1.0,-0.3059633616153733,1.0,0.44165412420136585,3.7391218464126417
-0.952697228278174,-0.38279035251593396,-0.06349871638231452,-0.1532822926115991,1.0,-0.3793880680313342,3.4372441962018088
0.4682532720431635,-0.8699686185255602,-1.0,0.5906600094793494,1.0,1.0,2.0085635708844385
-1.0,-1.0,-0.6282890098402694,-0.79221163740104,0.12240035179102648,1.0,-1.3562552101112937
-1.0,-1.0,-1.0,-1.0,-0.35518365877515845,-1.0,3.551550067956233
1.0,-0.10657954237559888,-0.10073373062521573,-0.09662041542552116,-0.6486423943882229,-1.0,5.974602368840879
-0.7773257874823261,-0.10155426913234544,-0.2592195331631423,-1.0,-1.0,-0.6458233028054483,0.11162692399746521
-0.30671936583404463,0.11037361963913173,-0.4708877040359508,-0.005312878740936111,-1.0,-1.0,-0.4710514630817453
-0.009874504359983272,-1.0,-1.0,-0.3089452310571168,0.43685569090058063,0.08727231710679234,-2.7977770897099163
1.0,0.803548670162161,1.0,0.5296813864051289,-0.2641226662785653,-1.0,3.238996479353325
0.09387852009295128,0.038576971763729206,1.0,0.7883967431578867,-0.9606194886842907,-0.7949739232416493,-0.42926367897733764
0.312960454565789,0.06517648234590578,0.26415386581476097,1.0,-0.9329443076287851,-0.3192619883350667,1.5795665672631203
0.8790786392419285,0.4338012106013491,0.3011553244487832,1.0,-0.3215015230431677,1.0,3.220114085405914
0.20530404291611515,-0.48953886714545003,-0.0034262230099554314,-0.753911605808648,-0.36260564235371884,0.5208682788569123,0.9760045193110162
0.31887593541213466,0.4487802760181936,1.0,0.021375190044444103,0.6558008786418164,-0.5030819426122004,-0.7248098331825357
-0.2990110716802108,-0.034862942963003185,-0.7212439521556289,-1.0,0.9172276170220912,1.0,6.577186946104566
-0.060898719442549876,1.0,1.0,1.0,-0.16422949874624143,1.0,-6.533265885666194
0.15886619132019258,0.352429364155572,-1.0,-0.9183737247148428,1.0,-0.20621824543325126,-0.6486321723063224
-0.22135085004270316,0.14850634441501256,0.41432087663278816,-1.0,-0.6481829154626462,-1.0,0.3838613241672604
-0.20213569724732522,0.7554149727290639,0.9297530178505996,0.4389387228307539,0.38312638424496037,1.0,-1.8886787640080742
1.0,0.3416916326818602,-0.24527070811162272,0.05910522282923614,-1.0,-0.7779260070541827,4.841920865385343
0.09149935463060732,-0.446205757923748,-1.0,0.23879321089839567,-0.8981188664447698,0.4673147384003736,0.9619666847533791
-0.1785910271229071,0.18987939499620565,1.0,-0.5711300315899053,0.042031689954917906,1.0,-1.02382854573407
1.0,1.0,0.7655616485097113,0.562376151689491,-1.0,-1.0,7.489913233891153
0.14992561629140994,-0.5593627363248206,-1.0,0.08895113036512689,0.8332012042597047,-1.0,1.6654738895445056
-0.10437406432345617,0.4442620947072635,0.1821730716007428,0.2111161329539416,-0.21420229653572886,-1.0,1.8662891155392907
0.6683046855058066,1.0,0.7748482701113129,1.0,-0.18782251434248892,-0.2275010653791627,-0.1445290876107569
0.732649749467394,0.6792284681182388,0.12122248319449991,0.6069349386496159,1.0,-0.31761896699002923,-0.7754868718539989
-0.7827739143009633,-0.41192917319054456,1.0,0.30502037592124653,-0.11671745002617939,1.0,-1.220435105714432
0.5168581610407215,1.0,0.7225520990010779,0.8030717059200928,-0.26919014481122927,-1.0,2.849412889106016
0.2375437055546349,0.19772921085039974,-0.06888072535043022,-1.0,0.8600221329368003,0.08639468292838104,0.844425593541215
-1.0,-1.0,-0.7771675993423253,-1.0,-0.07708064118883895,-0.2739941931627108,-4.006431074809809
0.39946681487976804,-1.0,-0.43361562892807637,-0.5045748420283112,0.09389968886509914,0.380728320919088,-1.0444892335946978
-0.5641694979434384,-0.2573298251551539,0.12202973237661972,-0.08516743663947546,1.0,0.828354610366719,2.675415977971304
-0.29662396164380844,-0.5175243563248837,-0.21036333807611074,0.15427160617980618,-0.3512961932822407,-0.6415080897594946,-0.39823423683362547
-0.5461406249605832,0.06044251299137121,0.4248100254920877,0.05295267135885562,-0.2667364190550561,0.11913293549391385,-0.0632786579179353
1.0,0.4740888437976183,-0.40517672160615414,-0.23717507100855983,-0.9345296149564848,-0.0673796352233873,3.6363209370721328
-1.0,-0.4974098079892374,0.2881327721567395,-0.6805819438093851,-0.07143448679072067,-0.5876722898080682,1.9642649664571308
0.11464739822238634,1.0,0.8859206186451729,0.5333110359034441,-0.46261391799635576,-0.8666384746443049,0.1161253197144901
-0.36909129268454355,-0.7134632511938832,-0.6683650714378019,-0.6518407169067386,-1.0,-0.9599569943834065,2.210914945262452
0.6781478958468529,-0.38647148195264025,0.4807559045916655,0.568373727947071,1.0,-0.16751334257311412,-2.0175483570052934
-0.10543603363712617,1.0,-0.2519704904813569,-0.04499030585550043,-1.0,1.0,6.562537807618861
-1.0,-0.08065646634332557,-0.7100402092286535,-1.0,-0.4866654667023502,0.6853210247487491,0.5499521608565379
-1.0,-1.0,-0.49495990675846313,-1.0,0.16299823126929797,1.0,-2.7065235319017313
-0.9875986973760841,-1.0,0.2172791431905483,-0.10072785633587558,-0.5164504380324321,0.21493607177503993,-0.8031574308539162
0.6066453454355811,-1.0,-0.009182377261556907,-0.3167046356260533,-1.0,-0.666598150152558,5.714683343353933
-0.3479984621287932,-1.0,0.3917003979900736,0.5489505659748982,-1.0,0.04155160237143557,1.9103100631222074
0.4464474753146004,-0.5088361927885132,0.007028915383859913,0.06171151921023155,-0.007402963528349363,-0.45142253910955654,0.9671981013380297
0.46929929239151136,1.0,0.042926459082918395,0.39047522523068423,-0.1366756019814344,0.550114036163318,0.8406008672437172
-1.0,-0.4224816951497228,-1.0,-0.06017128499550051,-1.0,-1.0,0.4925274010465517
0.4996241633149675,0.7726708441174883,0.37331731976387117,-0.4045414176697605,0.4945729180245707,0.8382109025029831,1.5164567261924542
-0.20094696292611847,-0.5697687462096375,0.8853153478169781,0.6412821842801251,-0.80990502599757,-1.0,1.382046000919413
-0.9820986745935131,0.026479648261864663,-0.5344186785797663,-0.6898907211780825,0.6286889897862211,-0.17805727807629607,1.4169627345490956
-0.21466828286813186,-0.372359916675617,0.7156884595158749,1.0,-0.524475514158493,-0.25145053449291166,0.17227223622667776
1.0,0.5397885691188449,0.5938748569692194,0.7638080935539062,0.7857519758245701,-0.1116036012855951,-1.5582453802730938
-1.0,-1.0,-1.0,-0.5259105923037699,1.0,0.03363061022874381,-6.177821849745665
1.0,1.0,0.582631091632674,1.0,-0.906849723978852,0.15903951756560325,3.815540226960714
1.0,0.04266985449516158,1.0,0.07121505824664065,0.6677847775518942,1.0,-4.458192443447035
-0.8011431095261222,-1.0,-1.0,-1.0,-0.7986869083095405,-1.0,3.356940041933159
-1.0,-1.0,-1.0,-1.0,0.9465131691038722,1.0,-0.9347265104227714
-0.6242993446742604,-1.0,0.20843891776413803,-0.5871297498711121,-1.0,-0.9874771325538156,4.594638751263345
-0.6495957708887168,-0.29898843872468306,-0.4173863367363151,-1.0,0.7852022527306303,0.6908802049789086,3.68728571978543
-0.8415813306085582,0.9877579262892793,-0.6684179612759656,-0.0448458814833782,-0.12874595095540592,0.26504769862404765,1.9894383952622403
1.0,0.02575328592763898,-0.4125820757868855,0.11869719898007403,-1.0,-0.35023453203830845,3.440152557405809
-0.022276967478029874,1.0,-0.07453852343291972,-0.06919719574553462,-0.6744969407644312,-1.0,1.4414888961540304
0.2424034155447744,-0.5992822989213991,-0.39330032874286625,-1.0,1.0,0.5701588951715466,0.30706993482909195
1.0,0.6086714270497731,1.0,0.9028631147374692,1.0,0.23966752928539486,-6.091907913957588
-1.0,0.9237622952208694,-0.28374554954544967,0.9694519919255079,-1.0,0.6929953052879159,-2.5682533557114753
1.0,0.5605070899404623,1.0,1.0,0.4382600941491409,0.2998622540536737,-4.164455338241661
-0.7943254070091773,-1.0,-0.4063869717377053,-0.11080421464729587,0.5146760132681172,1.0,1.4042023928700043
1.0,-0.11699822240916069,0.01031968479632972,0.3180238030806852,-1.0,-1.0,8.170704486589132
-0.847637362646515,-0.36019791935126266,-1.0,0.2869336446761783,1.0,-1.0,4.677798970833906
-0.2613893556059077,0.7107222904476029,-0.809879675748961,0.2831523562405541,-1.0,-0.6302623017101867,-0.7815306880479047
1.0,-0.6770437960855541,-0.1085718787457754,0.8925455707135096,-1.0,-0.06136653851013063,3.878941194507953
-0.09443001778333993,-0.564943551754475,-1.0,-1.0,0.02659327833428593,0.05325691332993529,-2.4889224974526267
0.19433683208831154,1.0,0.24099427464072268,0.3200302290501732,-0.32123538225808845,-1.0,1.2927717487685393
-0.36561569226673707,0.8350724111161311,0.045492644504881025,0.7858191127604311,0.2717348139110939,-1.0,1.8806944014515699
0.0434893681873631,-0.2616053436825716,0.17269013766383678,0.32058594640606647,1.0,1.0,4.049657111233483
-1.0,-1.0,0.3222167934555154,-0.36109273392135544,-1.0,0.5112871196298805,-1.894873313904388
1.0,1.0,1.0,0.7156611926616472,-0.19112373368532576,-1.0,2.5127644542779355
0.9008427528892652,-0.5429929186242951,-0.11790306271965195,-0.36398435753055175,-0.7710902343905603,1.0,5.960894042818972
0.7374202042949612,-0.03264852058552248,0.8898916500023288,-0.16161558513026292,0.6181394081708418,0.9499459831314132,-2.423953777619851
-1.0,-0.12394238809854541,0.4589875261948834,-0.48935685238799964,-1.0,-0.005529574954421523,-2.2382580463149457
-0.31733274200590933,0.16390660670281343,-1.0,0.22904141677121315,1.0,0.7788504307225241,5.430218887724843
-0.42593815386182776,0.28518917649911557,-0.3682131583271129,-0.4551435535710504,-1.0,-1.0,-1.0833203530880087
1.0,0.242685222881045,0.0829891341170379,1.0,-1.0,0.22552577725756984,3.546185794391769
1.0,0.6603597687565628,0.6096140550829061,-0.5476755488236486,0.6467567327041241,-1.0,0.08525507319424741
1.0,0.8087806851588608,0.1827709902878811,0.13124100697510888,-0.31372948468631967,0.21915375870856713,0.10581263184376721
-0.6918657316139718,0.8471018421032948,0.37569680424724383,0.22103107246354736,-0.32995999026206346,-0.6461734227488503,-0.4511180899832137
0.35869625776660724,0.0972602848215463,1.0,-0.36854261339073313,-0.4645888521386633,-0.9872605613493612,1.7140012432505407
-0.1685655632424522,1.0,1.0,0.22475932726841308,0.9351224195729604,-0.6325643456997225,-2.173705987490003
0.21886568356221114,-0.7877687293004995,-0.35253486784166255,-1.0,-0.9233616668924396,-1.0,8.592195540926525
1.0,1.0,1.0,0.33587111343259846,0.08508373682705506,0.22123910356072474,-3.1003281148938986
-0.33371415853485226,-0.1796637410625597,-0.6306125345856121,0.3795661456443583,-1.0,-0.8124905774819158,-0.1630943550375397
-0.32410398313841,1.0,-0.9822618277257524,1.0,-1.0,-1.0,6.664169231921222
-0.7376759443502475,0.3192163716635108,-0.5894829290714633,0.4234667468598862,-0.332140479940479,-1.0,1.2950983604024306
0.9427604241608192,0.8369701806711944,0.3883463863258595,-0.3778012514549973,0.5387387540054422,-0.8899850835258816,0.005066917994119069
-0.6458296024614976,0.05708391894128695,-0.956805431602099,0.8116514915815428,1.0,0.5929170517733973,3.620319182973218
-1.0,-0.24208305558724552,-0.4082530424245473,-0.7374111835904285,-0.6297457680311278,0.7927981328326853,-1.9630426003170234
1.0,0.9675582631649823,1.0,1.0,-0.5841402685829244,-0.043425615550557684,2.0553225871577365
-0.6762952471445984,-0.9267024905219823,-1.0,0.674645302555807,1.0,1.0,6.776069337445463
1.0,1.0,-0.2846881297635986,0.168510112249607,0.9115512976737412,1.0,2.8569934976458975
-0.14923086473557656,0.8951409629876145,-0.25910706882607326,-1.0,-1.0,0.4404112359881722,7.126544276424529
-1.0,0.5309692467949134,-0.9094828537907385,-0.6812993024861885,-0.27808993851027214,-1.0,3.468726260984044
-0.5493477849872065,1.0,-0.8112505461536065,1.0,-1.0,-0.6476154150093452,2.37424051619106
-0.6457053001586012,-0.756050822684134,-1.0,-0.7699544481806144,0.012937317607403909,0.3291395723463786,-1.6409001909346175
0.43090296079674495,-1.0,-0.23118147598888272,0.14761259102033647,0.23753475903967125,-1.0,3.113891853029839
0.04749436785856648,-0.5271932443128743,0.5062531303280808,-0.009276458959461109,-0.5140190626918221,-1.0,4.300248276278623
-0.4013517347894313,-0.6597101319573611,-0.481388684709856,-0.34738344006556704,1.0,1.0,4.419144792167366
1.0,0.6818354190973921,1.0,1.0,-1.0,-0.8874015421326689,8.418075473039297
-0.1737788211711908,0.8092146942890539,0.2659972247277629,1.0,1.0,0.8173490633520224,2.1399984150275264
-1.0,-0.13590387594799824,-0.33954608514045137,-0.06270183940498497,-0.41687152999432464,-0.9811516172304944,1.6358500263435165
-0.0017335413998136318,-1.0,-0.1929476141965828,-0.37063686056062295,0.3663927160261799,-0.6347660040640761,2.154470872245881
0.28656519584637974,1.0,1.0,1.0,-0.12419668192066727,1.0,-4.795920686706345
0.548978778816533,1.0,0.1991066521177689,-0.47908893649198564,-0.2497639384105357,-0.4158422540072467,0.5436613402945772
-1.0,-0.7960940906154677,-0.4423527857040674,-0.6300824879572018,-1.0,-0.00278073961995573,-1.567169565720538
-0.6990890366246088,-0.27072738864347723,-1.0,-0.8759762187549112,0.46982713729389547,0.8131057010953742,2.8037298759571083
1.0,0.005992235424534309,1.0,1.0,-0.6440251487347428,0.30216788131002814,0.9689193605307316
-0.2403110347698848,-0.3137684372352305,-0.9538315072910367,-1.0,0.5653335556660907,0.1711720030384423,0.27156194667131595
-0.6175506899296527,-1.0,-1.0,0.03849990916495377,0.9162487771745755,1.0,4.8440894768763005
0.19346236777416698,1.0,0.7091369165709726,1.0,-0.09648349737964801,1.0,-1.5968711822304917
0.2823003951166777,-0.2909623249535272,0.2764989931222377,-0.7311189542422645,-1.0,0.8758571412465836,4.8700522382280065
-0.06100469582135837,-0.09865295907593707,-1.0,-0.6737114969188476,0.2809241060992901,-0.4435554302603301,-0.5828761704148955
1.0,-0.5990291593114787,1.0,-0.8762848401221262,-0.4419117998757339,-0.03519612221120938,3.679041118193767
-0.020149402376745673,-0.9663859070914813,-0.8198285803983507,-0.2485670550451584,-0.4989874387492801,-1.0,1.931077521869725
0.5414208891370706,-0.09196835119337665,0.06860115964914609,0.5870964085599394,-0.12458370660625007,1.0,2.71756008467377
-0.7456532413229984,-1.0,1.0,0.3532043000818461,1.0,-0.7091931939543565,3.562769522204313
0.07163937096593764,1.0,-0.273354289090333,0.6458159330606597,0.44491018159595697,-0.18647298383562827,0.1449185746624367
-1.0,-0.21798039732496882,-1.0,-1.0,-0.4533235692824727,0.4786848710014821,-0.8462361165406949
0.6458357367477845,-0.9003349233311431,-0.7844567626156391,0.4029121913492831,-0.47582020178082957,-1.0,3.105260118250185
0.393614212231524,-0.3374230722985845,0.8474587441313798,0.4296662525229026,-1.0,-0.3492497217550946,2.3402846403193998
-1.0,-0.32623466806673274,-1.0,-1.0,0.7261971302220032,0.8863065185703818,3.6829562847400874
-1.0,-0.07869832205351446,-0.7926927249341106,-1.0,0.41719416390089736,1.0,4.5304474596508
-0.6030892322353231,-0.7461047990903192,-0.6619215878140438,-0.9396750283852495,-1.0,-0.148477875006926,0.9738621081585205
-0.8351394961082692,-1.0,-0.2527112864352256,-1.0,-1.0,0.5813068544426185,0.12329017735960723
-1.0,-0.7187451320413915,-1.0,-0.3165255125588079,-1.0,-0.32238470151164766,-3.1168718691274373
-0.004260058015149726,-1.0,-0.5272196201011523,-1.0,-0.03146493280762741,1.0,-0.3108093599301893
1.0,-0.18483731236698175,1.0,1.0,1.0,-0.47258434523094844,-4.854032726275134
1.0,1.0,1.0,1.0,-0.29752518285799495,-0.2691245131572769,0.8414738675839896
-1.0,0.9622514380375289,-0.29627387363295743,-1.0,1.0,-1.0,4.962198907510342
0.6975965898684847,-0.6710867189895895,-1.0,-1.0,1.0,0.47089124699718,-3.799541536892005
0.7216952219952056,0.5290719147918268,-0.43586021881484344,-0.08359710097121154,1.0,1.0,2.760190237351894
0.9673038028890655,1.0,0.9810474699693776,0.8758884014709292,-0.2500525953921276,0.42626250285087863,-2.2139961726594195
1.0,1.0,-0.1616541302348316,0.03926153420115941,0.8684820196452383,-0.49918341408835515,-0.5371501905964416
-0.9374648936197696,-1.0,-1.0,-0.17090908750625022,-1.0,-1.0,-0.09633829748954731
-1.0,-1.0,0.22261919892955306,-0.3711797954952446,0.04751928666425831,-1.0,6.262488331316124
1.0,0.22463310396071212,1.0,0.3270143123505733,1.0,-0.7911740114235227,-2.530888976020934
-0.1312157409044445,0.9132155043441025,0.10492513235735401,0.9391320142654163,-0.7278225736815143,-1.0,4.318165475758456
-0.6864722412614013,-1.0,0.012844824923033071,-0.507013127209007,-0.29305749958614946,-1.0,3.8092664755186094
-1.0,-0.5172537039616947,-1.0,-1.0,0.2856972067955954,-0.2212594887199274,-2.5124493408265636
0.09906820824325827,-0.4783056108522964,-0.17199993676899156,0.5433705945832794,-0.30750878111517976,-1.0,3.1749606765732814
0.13652292341656358,-1.0,-0.8268512507205359,-0.871937256511736,0.5117490660749746,1.0,-1.8225558070274186
-0.3645429487667311,-0.42015443563563326,1.0,0.12681815409822228,1.0,1.0,-0.9005378555811712
-0.3081684588500071,-0.604814093106409,-0.615993628973176,-1.0,-1.0,-0.546330615678777,2.828600187563758
-0.033481771731710186,-0.9641311721309753,-1.0,-1.0,-0.13598295746278988,-0.6716707096171614,0.06456596850373286
-1.0,-1.0,-1.0,0.09414488366043668,0.6587465006782495,-0.5821105978027084,-1.1395932958650419
0.7684396797905958,0.7245372930091366,1.0,0.0437723886455299,-0.2042055710666602,-0.5911760799367811,1.2991069698630011
-1.0,-0.9985133665247471,-0.5367068585544397,1.0,-1.0,-1.0,-3.0456017890801763
1.0,0.41380581573902264,1.0,-1.0,0.35943256866873186,0.6770116371438084,-2.108765139210305
-0.5775396960850256,-0.636666573465008,-0.2750671483329338,-0.41543197490366857,-0.10986693341817608,-0.7436705517812343,1.3438170329993822
0.367772761158367,-0.05106636808104037,0.40262937097001794,-0.21567371076700695,0.40369040046461485,1.0,2.006135313549056
0.548697536115289,0.1333937691230137,0.9341865977927234,1.0,0.3162019400159787,-0.8392705269576445,-0.14974793627730387
-1.0,0.4463253013308629,-1.0,-0.6238923239018799,1.0,-1.0,6.019448174837831
1.0,0.3961625914496531,-0.15193118940349765,0.9695333567189124,1.0,-1.0,-0.03727434569269844
1.0,-0.8769715794034458,0.716418562177265,0.3626875445046144,-0.8662776369927623,-0.12015917788330122,6.405491536989367
-0.2945791786157954,-1.0,-0.41919359535738965,0.46871733992315995,-1.0,-0.8514385868524625,-0.1599355220409327
-0.11535428185195457,0.8222232857272456,0.625259783168156,0.2561945100161297,-0.1379334192619388,-0.20525034127979175,-0.05548610984273983
-0.5332358075878969,-1.0,-0.05039915906590231,-1.0,-0.9622611041364606,-0.5979881495690738,6.027867924574416
0.4712842066047378,1.0,1.0,1.0,0.784549072830292,0.19198530922354773,-7.240010442697146
-0.33477962249337345,-1.0,-0.21728654825341065,-0.13346953224865443,0.45302071984935743,-0.3883607583132058,0.48362481902848764
0.31435941679034085,-0.5105481283786326,0.9562381280568016,1.0,0.11370075826000048,1.0,-0.5819106656352864
0.10331799522318053,-0.15443328914793564,-1.0,-1.0,-0.3389053081477964,-0.8659110956261584,1.0165904690755914
0.6715514581916231,1.0,0.32989310554394224,0.5854797332221944,0.6782380554047753,1.0,0.8288798621845012
-1.0,-1.0,-0.5303432757440045,-1.0,-0.8919716151256841,0.27778933886119306,-0.3399260986515463
0.7796388519841231,0.5006768232884637,1.0,1.0,-1.0,-0.5330263095390203,4.733523179758415
-0.6608313398980382,0.08543906064222662,-0.993443361813108,-1.0,-0.18007126705045445,-0.12158001175526975,-2.1406148213636635
-0.3369984743498359,0.3195962757294437,-0.2681689521125792,1.0,0.500483392541379,1.0,4.831865107599578
-0.18301526858203365,0.8839076912532029,0.6803352156212956,0.029792898633798637,-1.0,-0.1354648211295849,-2.1577301757982443
0.7219560623868119,-0.7225376930289753,1.0,0.22499453863909535,0.8555088987667654,0.4576428087055202,-3.1903941951711436
-1.0,-1.0,-0.8279035566412973,-0.5600964915930451,0.6139611739149411,0.12042603282981257,-4.99225480927453
-1.0,0.514767500203929,-1.0,-1.0,0.29359496072346847,0.7715238766978547,5.056472235990264
-0.027656872460364135,0.34352590194282,-1.0,-0.26097730181502987,-0.06233261634567522,-0.019090270308396495,-0.048406535194067825
-0.9198090482509581,0.11382399723758413,0.23616496038586715,0.0491336440927841,-0.5409172916265692,-1.0,1.7536357925392667
-0.5654364304914087,-1.0,0.7871918672907233,-0.07133601998561273,-0.1731350557997146,0.0947821813618781,1.6572393488395143
1.0,0.7239331537569296,1.0,-0.03361793053467188,-0.31335301302402463,1.0,-0.4595307929612728
-0.5756256691719472,0.5375951144334793,0.9071981002594175,-0.3512075772281341,0.5200250259363003,0.7105119229822718,-0.09589594333266596
-1.0,-1.0,-0.5734720359631413,-0.3535049282528082,-0.15499991038849847,-0.42743073433380596,-1.1937526554571536
0.9495292188450521,-0.6606159307576492,0.30681010225949923,0.42441254049908417,-0.184993294466144,0.5784353672422511,1.5700574403037555
0.6683184070166566,-0.3951657515918705,0.8006070694270102,0.10878760410655619,1.0,1.0,-2.327708575380901
-0.3862533920200636,0.11411298807742232,-0.9549276957815611,-1.0,0.6189345059860536,0.08085019809486349,0.5636451594328976
0.16069987070090208,-0.9448975082094538,-0.22126154393857855,-0.9714019225088985,-1.0,-1.0,8.38771678620172
-0.8175589666261145,-0.8824894888160889,-0.5250030912926843,0.21265134221059478,-0.1875877837363894,0.5354369953558638,-1.9534928996236787
1.0,1.0,1.0,0.7509876812096186,0.3912472365554149,-0.8627753301313636,-1.7466819480284728
1.0,0.89713623603824,0.5358023419834212,1.0,1.0,0.11547556786054325,-4.942447856304518
1.0,1.0,0.569383896238835,0.2598499646679502,-0.49685367961845456,0.8981882227587142,1.5288041160453167
0.44637855326931314,0.8731001635299752,0.19018411249181796,0.036180514264812835,-0.547570770765516,-0.731627524417153,0.34081165448017603
-0.7679481063583691,-0.9240347784820648,0.47777948364522294,-0.5784838751553252,0.048425969949706604,1.0,-0.8966178004845433
0.3323176882516876,-1.0,-0.16813531347224697,0.2430991411531595,1.0,1.0,1.6981350451891812
1.0,0.16359648033798724,0.6935545949579609,0.604878081801236,-0.21630873733719522,-0.27362411487481086,1.2838883240678474
1.0,-1.0,1.0,0.12978673188025136,0.03378335489088091,1.0,-1.0148635834544182
0.8644251817356031,0.2779655272403231,1.0,0.11089845370815177,-0.35245032146635813,0.9761121692154386,0.5409792688966469
-1.0,-0.10455769833181727,-1.0,-1.0,0.8041635571642756,1.0,8.073604746087916
1.0,0.8697447260410267,0.7391540697207081,0.4014841723251428,-1.0,-0.27715435328457705,2.1617096227506956
-1.0,-0.2919094363764574,-0.35737716782074513,-0.6681986732848112,-0.3590396579884385,-0.0681118158093379,-0.8491786085387044
-1.0,0.22770456736083977,-0.5296990332808232,-1.0,-0.16783909919165835,-0.5098953021980996,-0.44615343580508104
-0.42764495296805183,0.13121422156058793,-0.7612006073216602,-0.4907550859139945,0.8915946935749509,0.9861043232831452,6.922268969322982
-0.34522406822008583,0.26052132060632527,0.6076540573951298,0.6050699199432743,0.33043116824083374,-0.327884019255386,0.9200872834455776
1.0,-0.5034630906617938,-0.8974505558499667,0.7236985460243467,0.23425742097746122,0.4216961568492116,-0.8303962486186505
-0.10024919240663455,-0.2743990766502331,-0.18317946204010105,-0.17822835098476397,-0.5839197840255388,-0.4985386152514967,0.781816979642933
0.01253920695419053,1.0,0.2688718790018214,1.0,0.6051966639648072,0.8720666533707854,0.2818815006815514
-0.8356269814010171,-0.7079895297103143,0.6295571362645411,-0.7020631429707991,1.0,0.617192806572944,0.659835343673315
-1.0,-1.0,-0.19413917060338814,-0.07282881331464353,-1.0,-1.0,0.13233123446367312
0.7541632246612467,-0.5478706174803999,-1.0,-0.7962397927859087,0.9204226137678202,0.043878236499014234,-2.4339519427693794
0.6894376234744508,-0.4692381459878381,-1.0,-0.9557132714444687,0.26366517344149865,-0.43698237865402034,-1.1079754252626133
-0.966607749382687,0.2820703338843627,0.586517834027588,-1.0,0.1261800109088953,0.6875655530244414,-0.6785705104783815
-1.0,-0.192418882944553,-1.0,0.23606851346524416,-0.4176877957100019,0.40567063774583856,-1.392208216820187
0.4629465083314944,-0.3521564509965054,0.16210722221556223,-0.16333990266470638,1.0,1.0,0.8821800763285889
0.5244525707742604,0.31522336132140094,0.731585402129524,0.9140699200693883,0.9966819248440495,-0.4163250200814793,-2.258607661413177
-0.5433828007343618,-1.0,-0.7598224094056941,0.9249740601804136,-0.002192398782266458,1.0,2.3284892801559995
-0.9085423533726436,-1.0,-0.7944248615109721,-0.40641344475308916,1.0,0.524084252480467,-1.7288315682653734
-0.0926432864069131,-0.08889059225366513,-0.8479068612943108,-1.0,0.07475355553257801,0.7222526760593255,1.3282170260504689
0.024671146099970787,-1.0,-0.44386470569985326,-0.31661503719849404,-1.0,0.5154448642450923,0.750293159561227
1.0,1.0,-0.01003097681455034,-0.011200569832936491,0.11374650999745756,-0.40415797811188703,-0.19194632565489161
-0.9063622941140947,-0.5341243491334243,-0.6217115749125204,-1.0,-0.28085342879614084,0.007899626217027056,-1.7717966456716758
-0.10433949923761815,-0.6627340233689418,0.020930462746349243,0.7519191039594042,0.014985383104479277,0.8248934072555623,2.6745697448688714
0.19654799702385634,1.0,-1.0,-0.4320046469734943,-0.5537892553880503,0.9213420648222573,10.03247314133302
0.440300256970112,0.3780593957654534,1.0,0.7397444878000258,0.10506705860013921,1.0,-1.8310765770570194
0.3381481045005359,-0.5200890771516229,-0.5128538653785883,-0.33894294111259016,-0.12845766724272245,-0.3740396700526457,-0.6013597251002398
-0.5582512064259233,1.0,-0.06320334888078209,1.0,1.0,-1.0,1.2156587044192158
0.04289768772545843,0.4233994838909525,-1.0,-0.19018698299788994,0.30862036660076564,1.0,7.98482080995534
0.6525746156306826,0.22505482448376213,0.16250564815212606,0.6677548660007604,1.0,1.0,1.6846423177502945
1.0,-0.5760087711111024,0.7143629168244728,1.0,-0.9704481458797332,0.5144201203776916,4.5555218526487415
-0.19364312580541548,-1.0,-0.778722977692364,-0.27297689364622935,-1.0,0.4958451015080513,-1.005586530898232
-0.24760201077280386,-0.1691561603667333,1.0,0.5128988635650886,1.0,0.7701565950758823,-1.1297091591238473
-0.9804677717963629,0.8056234614820825,1.0,0.3793487196133215,0.32586383833936283,0.7214635074761047,-3.341351353275978
1.0,1.0,0.4749349056637697,0.5374181105792546,-0.9518772305521319,-0.06560008049045385,2.6741350577402323
-0.32681107231157114,0.9081799487120203,0.28840442294303975,-1.0,0.5018843336911665,1.0,4.216677020895999
-1.0,-1.0,-1.0,-1.0,1.0,-0.5606293524929833,-3.5356148861908543
1.0,0.09839393583466127,0.7733759297195093,1.0,-0.3119013080067497,1.0,0.18302507838618087
-0.4842948318127133,-0.6819528676212155,-1.0,-0.38121362328252917,0.16953533143750488,-0.07868090086928192,-1.5251627687758096
-1.0,0.7695203233114646,-0.6755206031277088,1.0,0.4767443009699357,0.7292800615591137,2.415864729801364
1.0,0.8834978018884456,-0.34620860874579995,0.4205071067892012,-0.7683417187013624,-1.0,6.471577971286116
-0.2122099237103383,0.1686832234664266,0.26106662301137884,-0.1003976569089813,0.06505304660051903,0.9876381927326098,2.125266921302909
0.786196191624873,-0.35634971327734055,-0.9806809352636304,-1.0,0.9742303683785417,1.0,0.12695095361265663
0.6450877307122866,-0.5816721110798965,0.684956759766781,-0.05395333965250465,-1.0,1.0,3.300012810498499
1.0,1.0,-0.2833631705053842,-0.007854143486783705,0.9405371684046018,-1.0,0.11577398269786815
-1.0,-0.6333120930507117,-0.7140652515321801,-0.892923086648934,-0.30024095120183847,-0.5175252505629161,-0.07341467174996869
-0.15418364851107902,-0.6874624886441187,-0.2354974421294263,0.884832241830231,1.0,1.0,4.809116157881493
0.4890345360220647,0.39511911671698763,0.30453119589018396,-0.43539464676086664,0.9998022868872292,0.3909547530623587,0.11938801847820896
-0.8681477558747492,-0.7303146273170282,-1.0,-0.3351147444054887,0.579358310309558,0.31662892453228064,-1.2890363710489017
-0.6490460362289806,-0.574828843251185,-0.027375047404204322,-1.0,-0.6821408226515536,-0.12399023233707718,1.0902958708034372
-0.9411155267007021,-0.7477768972245398,-0.3512179143568507,1.0,-0.568677895600923,-0.10437903862173013,-1.5405476542303216
0.602145820619963,1.0,-0.35397481999975733,0.5691484228966286,1.0,0.6321209490129613,1.4326261398225255
0.7125487726368472,-0.49819714666407544,-0.7412668056320568,-0.7442569967072806,-1.0,-1.0,6.473944991220387
-0.9405105603287829,-0.34128408633798846,-0.5312940819188565,-0.4642634053947887,0.2346079843265686,-0.33138474480270874,0.005111506793194165
0.6797123538908747,1.0,0.7738699444872958,0.823089735254227,-0.23943792533706237,-0.13991683309462735,-0.07274671536846578
1.0,-0.28046333314381444,-0.45290275522685,-0.20639563670273364,-0.8244760917723143,-1.0,5.946389656920968
-1.0,-1.0,0.7947572062969509,-0.07291703245433642,0.5782996864710506,0.9799327138262339,1.2040459226761522
-0.1849060087709249,-1.0,-1.0,-1.0,-1.0,-1.0,6.329439663596722
0.9183733733722022,1.0,0.715858867585568,1.0,-0.0571704742691041,-0.43740509557362584,0.4569290769337509
-1.0,-0.4589853136589137,-0.5330563471086212,-0.52736995689932,-0.04009570893633829,-1.0,4.074840552539357
-1.0,-1.0,-1.0,-0.9620817242797304,0.6449378368625005,0.5056807209184977,-6.880618844019996
-0.8029623986197282,-1.0,-0.7144707177658631,0.08680784632320993,0.5513031350998875,0.8701703622069725,2.2570280020011992
-1.0,0.07170194132024443,0.4831450973601077,-0.42568353424155814,0.5641705266283821,0.09000268812457653,1.620863436990793
0.8409391084101048,0.7087298383932268,0.305621700555184,1.0,-0.8488150675581109,-0.40714526595126205,4.588947182085819
-0.1456468669317541,-1.0,-0.7738704960043501,-1.0,0.8451973731168152,1.0,-0.5951405355299008
1.0,1.0,0.1651584792061609,1.0,-0.26926684677481905,0.964464036837988,2.92500213042856
-1.0,-0.5692463288138212,-0.8703280772389757,0.2367961614028522,-1.0,-0.4648529131203949,-2.7595021863584046
1.0,1.0,1.0,0.5596556188592783,0.6803849677324205,1.0,-6.419519548487505
0.318613766577999,-1.0,-0.47881386291317035,0.38200886273874807,-0.05657487215505563,0.39131095346006495,-0.2588121738719564
-0.9914314495483478,-1.0,0.16096071919370236,-0.43237656618426157,-1.0,-1.0,2.855137076845725
0.8099092412970113,0.7903577231167427,0.1909336006295767,0.5782555385726873,1.0,1.0,1.2923877542971907
0.9645459885590846,0.7889373711696954,0.8327896579822758,-0.5992008403449602,-0.5345946219641928,-0.669017745630516,2.434798321639767
0.42546720932201554,0.7326666405791802,-0.2932645549688127,0.3795365485659863,1.0,-0.2661544858473001,-0.48281372612672707
-1.0,-1.0,0.7026479524752858,-0.7144126037624519,0.12876044040311596,1.0,-2.765153829160602
-0.047201996590095496,-0.052982786947271876,-1.0,0.0983237816694984,0.5806678806328837,1.0,7.495854627578134
1.0,0.8664056717798305,0.6788200745700856,1.0,1.0,1.0,-4.947505556083365
1.0,0.4167698039630032,1.0,0.27582623009252116,-0.9468930149190065,-0.5207718350865359,5.386117840431505
-1.0,-0.71253572768922,0.35595328291999945,0.6897196065954591,-0.751237116518837,0.37914100281368435,-1.9514602537120205
1.0,1.0,1.0,0.1403557916067809,0.4086462781143183,0.29139507159977873,-4.381270485411408
-0.48832515341116123,-1.0,-1.0,-1.0,-0.23501913732545354,-1.0,3.0272131410155945
1.0,0.6811826364634679,1.0,0.5802519309576015,-1.0,-1.0,7.368666134388376
